NOMBRE CENTRAL,LLAVE NOMBRE,TIPO,SUBTIPO,REGIÓN,ernc/convencional,Factor ERNC,FECHA,HORA 1,HORA 2,HORA 3,HORA 4,HORA 5,HORA 6,HORA 7,HORA 8,HORA 9,HORA 10,HORA 11,HORA 12,HORA 13,HORA 14,HORA 15,HORA 16,HORA 17,HORA 18,HORA 19,HORA 20,HORA 21,HORA 22,HORA 23,HORA 24,HORA 25,TOTAL
HE ANGOSTURA,ANGOSTURA,Hidráulica,Pasada,Región del Bío-Bío,convencional,0,1/1/14,0.0,0.0,0.0,0.0,0.0,0.0,0.0,0.0,0.0,0.0,0.0,0.0,0.0,0.0,0.0,0.0,0.0,0.0,0.0,0.0,0.0,0.0,0.0,0.0,,0.0
HE ANGOSTURA,ANGOSTURA,Hidráulica,Pasada,Región del Bío-Bío,convencional,0,1/2/14,0.0,0.0,0.0,0.0,0.0,0.0,0.0,0.0,0.0,0.0,0.0,0.0,0.0,0.0,0.0,0.0,1.0,0.0,21.0,1.0,0.0,0.0,0.0,0.0,,23.0
HE ANGOSTURA,ANGOSTURA,Hidráulica,Pasada,Región del Bío-Bío,convencional,0,1/3/14,0.0,0.0,0.0,0.0,0.0,0.0,0.0,0.0,0.0,0.0,0.0,0.0,0.0,0.0,8.0,31.0,38.0,10.0,0.0,0.0,0.0,0.0,0.0,0.0,,87.0
HE ANGOSTURA,ANGOSTURA,Hidráulica,Pasada,Región del Bío-Bío,convencional,0,1/4/14,0.0,0.0,0.0,0.0,0.0,0.0,0.0,0.0,0.0,44.0,8.0,71.0,63.0,55.0,69.0,10.0,0.0,1.0,25.0,26.0,27.0,28.0,28.0,29.0,,484.0
HE ANGOSTURA,ANGOSTURA,Hidráulica,Pasada,Región del Bío-Bío,convencional,0,1/5/14,28.0,28.0,28.0,29.0,29.0,28.0,27.0,4.0,0.0,0.0,27.0,27.0,26.0,26.0,27.0,29.0,28.0,32.0,30.0,29.0,30.0,31.0,31.0,31.0,,605.0
HE ANGOSTURA,ANGOSTURA,Hidráulica,Pasada,Región del Bío-Bío,convencional,0,1/6/14,27.0,28.0,29.0,32.0,29.0,29.0,29.0,28.0,30.0,30.0,30.0,29.0,32.0,33.0,38.0,95.0,0.0,0.0,0.0,55.0,71.0,71.0,67.0,70.0,,882.0
HE ANGOSTURA,ANGOSTURA,Hidráulica,Pasada,Región del Bío-Bío,convencional,0,1/7/14,52.0,37.0,28.0,28.0,28.0,29.0,29.0,29.0,29.0,57.0,0.0,0.0,2.0,0.0,0.0,63.0,28.0,68.0,71.0,70.0,70.0,70.0,70.0,72.0,,930.0
HE ANGOSTURA,ANGOSTURA,Hidráulica,Pasada,Región del Bío-Bío,convencional,0,1/8/14,72.0,72.0,72.0,72.0,72.0,64.0,43.0,29.0,59.0,59.0,6.0,0.0,48.0,70.0,85.0,30.0,0.0,0.0,0.0,0.0,0.0,0.0,0.0,0.0,,853.0
HE ANGOSTURA,ANGOSTURA,Hidráulica,Pasada,Región del Bío-Bío,convencional,0,1/9/14,48.0,72.0,72.0,73.0,72.0,72.0,72.0,71.0,71.0,26.0,0.0,0.0,0.0,0.0,0.0,0.0,0.0,0.0,1.0,39.0,16.0,0.0,0.0,0.0,,705.0
HE ANGOSTURA,ANGOSTURA,Hidráulica,Pasada,Región del Bío-Bío,convencional,0,1/10/14,8.0,44.0,45.0,49.0,37.0,34.0,30.0,29.0,35.0,82.0,74.0,73.0,72.0,71.0,35.0,0.0,11.0,109.0,107.0,108.0,108.0,107.0,114.0,101.0,,"1,483.0"
HE ANGOSTURA,ANGOSTURA,Hidráulica,Pasada,Región del Bío-Bío,convencional,0,1/11/14,107.0,107.0,106.0,106.0,106.0,106.0,78.0,41.0,48.0,45.0,39.0,41.0,40.0,39.0,39.0,41.0,68.0,71.0,71.0,74.0,85.0,91.0,90.0,81.0,,"1,720.0"
HE ANGOSTURA,ANGOSTURA,Hidráulica,Pasada,Región del Bío-Bío,convencional,0,1/12/14,54.0,47.0,37.0,36.0,31.0,31.0,31.0,31.0,36.0,38.0,40.0,40.0,36.0,30.0,31.0,31.0,34.0,35.0,35.0,35.0,35.0,35.0,36.0,35.0,,860.0
HE ANGOSTURA,ANGOSTURA,Hidráulica,Pasada,Región del Bío-Bío,convencional,0,1/13/14,36.0,35.0,35.0,36.0,36.0,36.0,33.0,33.0,36.0,39.0,57.0,77.0,107.0,104.0,107.0,16.0,12.0,107.0,108.0,106.0,108.0,108.0,108.0,108.0,,"1,588.0"
HE ANGOSTURA,ANGOSTURA,Hidráulica,Pasada,Región del Bío-Bío,convencional,0,1/14/14,108.0,108.0,107.0,108.0,108.0,108.0,107.0,107.0,106.0,108.0,107.0,105.0,104.0,107.0,105.0,105.0,107.0,106.0,106.0,106.0,106.0,106.0,107.0,102.0,,"2,554.0"
HE ANGOSTURA,ANGOSTURA,Hidráulica,Pasada,Región del Bío-Bío,convencional,0,1/15/14,106.0,106.0,106.0,106.0,106.0,105.0,106.0,105.0,104.0,105.0,106.0,105.0,101.0,104.0,104.0,105.0,108.0,98.0,87.0,86.0,80.0,81.0,84.0,79.0,,"2,383.0"
HE ANGOSTURA,ANGOSTURA,Hidráulica,Pasada,Región del Bío-Bío,convencional,0,1/16/14,102.0,107.0,107.0,104.0,75.0,61.0,60.0,42.0,39.0,41.0,28.0,0.0,0.0,0.0,0.0,22.0,110.0,105.0,105.0,106.0,105.0,107.0,105.0,102.0,,"1,633.0"
HE ANGOSTURA,ANGOSTURA,Hidráulica,Pasada,Región del Bío-Bío,convencional,0,1/17/14,69.0,51.0,43.0,48.0,43.0,36.0,32.0,30.0,63.0,75.0,75.0,75.0,75.0,104.0,104.0,104.0,104.0,105.0,106.0,106.0,106.0,97.0,80.0,66.0,,"1,797.0"
HE ANGOSTURA,ANGOSTURA,Hidráulica,Pasada,Región del Bío-Bío,convencional,0,1/18/14,59.0,50.0,50.0,46.0,39.0,32.0,30.0,30.0,29.0,29.0,32.0,39.0,40.0,43.0,45.0,45.0,45.0,45.0,45.0,46.0,47.0,44.0,48.0,90.0,,"1,048.0"
HE ANGOSTURA,ANGOSTURA,Hidráulica,Pasada,Región del Bío-Bío,convencional,0,1/19/14,108.0,108.0,106.0,98.0,70.0,40.0,33.0,32.0,33.0,30.0,33.0,40.0,55.0,23.0,0.0,0.0,24.0,30.0,30.0,30.0,31.0,30.0,30.0,13.0,,"1,027.0"
HE ANGOSTURA,ANGOSTURA,Hidráulica,Pasada,Región del Bío-Bío,convencional,0,1/20/14,0.0,8.0,30.0,30.0,30.0,29.0,28.0,28.0,28.0,34.0,39.0,56.0,106.0,106.0,107.0,0.0,84.0,107.0,106.0,105.0,106.0,105.0,106.0,104.0,,"1,482.0"
HE ANGOSTURA,ANGOSTURA,Hidráulica,Pasada,Región del Bío-Bío,convencional,0,1/21/14,105.0,72.0,34.0,31.0,31.0,31.0,54.0,66.0,76.0,84.0,95.0,97.0,97.0,97.0,95.0,96.0,96.0,96.0,96.0,100.0,108.0,106.0,104.0,98.0,,"1,965.0"
HE ANGOSTURA,ANGOSTURA,Hidráulica,Pasada,Región del Bío-Bío,convencional,0,1/22/14,82.0,56.0,48.0,48.0,46.0,46.0,47.0,48.0,58.0,76.0,77.0,106.0,106.0,107.0,105.0,107.0,107.0,106.0,105.0,107.0,106.0,106.0,84.0,47.0,,"1,931.0"
HE ANGOSTURA,ANGOSTURA,Hidráulica,Pasada,Región del Bío-Bío,convencional,0,1/23/14,46.0,42.0,42.0,43.0,46.0,48.0,48.0,53.0,80.0,106.0,105.0,106.0,106.0,106.0,108.0,105.0,106.0,44.0,106.0,105.0,105.0,106.0,105.0,106.0,,"1,973.0"
HE ANGOSTURA,ANGOSTURA,Hidráulica,Pasada,Región del Bío-Bío,convencional,0,1/24/14,106.0,76.0,66.0,46.0,50.0,48.0,44.0,50.0,51.0,51.0,78.0,50.0,78.0,82.0,88.0,83.0,92.0,61.0,27.0,52.0,41.0,38.0,36.0,35.0,,"1,429.0"
HE ANGOSTURA,ANGOSTURA,Hidráulica,Pasada,Región del Bío-Bío,convencional,0,1/25/14,38.0,42.0,46.0,45.0,50.0,41.0,37.0,37.0,31.0,42.0,31.0,47.0,63.0,57.0,45.0,32.0,13.0,25.0,26.0,10.0,43.0,43.0,43.0,44.0,,931.0
HE ANGOSTURA,ANGOSTURA,Hidráulica,Pasada,Región del Bío-Bío,convencional,0,1/26/14,43.0,44.0,53.0,50.0,46.0,46.0,44.0,45.0,45.0,44.0,45.0,45.0,45.0,45.0,44.0,45.0,45.0,45.0,44.0,45.0,45.0,44.0,45.0,45.0,,"1,087.0"
HE ANGOSTURA,ANGOSTURA,Hidráulica,Pasada,Región del Bío-Bío,convencional,0,1/27/14,45.0,46.0,45.0,45.0,44.0,45.0,45.0,45.0,47.0,47.0,47.0,47.0,46.0,48.0,46.0,87.0,78.0,58.0,64.0,45.0,46.0,45.0,45.0,45.0,,"1,201.0"
HE ANGOSTURA,ANGOSTURA,Hidráulica,Pasada,Región del Bío-Bío,convencional,0,1/28/14,45.0,45.0,46.0,45.0,45.0,46.0,44.0,43.0,43.0,108.0,136.0,96.0,77.0,28.0,28.0,27.0,41.0,11.0,0.0,26.0,40.0,40.0,43.0,40.0,,"1,143.0"
HE ANGOSTURA,ANGOSTURA,Hidráulica,Pasada,Región del Bío-Bío,convencional,0,1/29/14,42.0,44.0,44.0,44.0,44.0,43.0,43.0,45.0,43.0,44.0,43.0,43.0,43.0,51.0,47.0,48.0,48.0,45.0,46.0,46.0,47.0,47.0,47.0,47.0,,"1,084.0"
HE ANGOSTURA,ANGOSTURA,Hidráulica,Pasada,Región del Bío-Bío,convencional,0,1/30/14,30.0,31.0,31.0,39.0,46.0,47.0,47.0,46.0,46.0,50.0,130.0,117.0,23.0,47.0,43.0,45.0,46.0,118.0,134.0,137.0,182.0,181.0,181.0,181.0,,"1,978.0"
HE ANGOSTURA,ANGOSTURA,Hidráulica,Pasada,Región del Bío-Bío,convencional,0,1/31/14,181.0,181.0,181.0,148.0,46.0,45.0,46.0,46.0,45.0,87.0,179.0,180.0,180.0,172.0,156.0,152.0,135.0,135.0,135.0,135.0,135.0,126.0,87.0,85.0,,"2,998.0"
HE ANGOSTURA,ANGOSTURA,Hidráulica,Pasada,Región del Bío-Bío,convencional,0,2/1/14,90.0,90.0,87.0,76.0,46.0,47.0,47.0,47.0,44.0,41.0,35.0,35.0,33.0,38.0,40.0,32.0,33.0,32.0,33.0,34.0,37.0,39.0,40.0,39.0,,"1,115.0"
HE ANGOSTURA,ANGOSTURA,Hidráulica,Pasada,Región del Bío-Bío,convencional,0,2/2/14,41.0,40.0,40.0,41.0,42.0,42.0,43.0,19.0,30.0,28.0,28.0,27.0,27.0,34.0,38.0,39.0,39.0,40.0,40.0,41.0,42.0,43.0,44.0,37.0,,885.0
HE ANGOSTURA,ANGOSTURA,Hidráulica,Pasada,Región del Bío-Bío,convencional,0,2/3/14,35.0,36.0,35.0,35.0,35.0,36.0,36.0,34.0,31.0,30.0,28.0,26.0,35.0,46.0,36.0,32.0,46.0,48.0,51.0,62.0,47.0,42.0,42.0,43.0,,927.0
HE ANGOSTURA,ANGOSTURA,Hidráulica,Pasada,Región del Bío-Bío,convencional,0,2/4/14,42.0,42.0,42.0,43.0,42.0,43.0,43.0,45.0,45.0,46.0,46.0,47.0,47.0,53.0,72.0,71.0,47.0,47.0,47.0,47.0,44.0,45.0,44.0,45.0,,"1,135.0"
HE ANGOSTURA,ANGOSTURA,Hidráulica,Pasada,Región del Bío-Bío,convencional,0,2/5/14,44.0,44.0,37.0,34.0,34.0,36.0,36.0,37.0,37.0,37.0,37.0,37.0,47.0,39.0,51.0,48.0,42.0,48.0,46.0,47.0,47.0,48.0,47.0,82.0,,"1,042.0"
HE ANGOSTURA,ANGOSTURA,Hidráulica,Pasada,Región del Bío-Bío,convencional,0,2/6/14,72.0,71.0,51.0,45.0,41.0,41.0,43.0,43.0,46.0,47.0,47.0,47.0,47.0,47.0,47.0,47.0,47.0,48.0,47.0,48.0,47.0,48.0,47.0,48.0,,"1,162.0"
HE ANGOSTURA,ANGOSTURA,Hidráulica,Pasada,Región del Bío-Bío,convencional,0,2/7/14,47.0,47.0,47.0,48.0,48.0,48.0,47.0,46.0,47.0,47.0,47.0,47.0,47.0,47.0,47.0,47.0,47.0,46.0,47.0,46.0,47.0,46.0,46.0,46.0,,"1,125.0"
HE ANGOSTURA,ANGOSTURA,Hidráulica,Pasada,Región del Bío-Bío,convencional,0,2/8/14,46.0,46.0,46.0,46.0,45.0,45.0,45.0,45.0,46.0,46.0,45.0,45.0,45.0,45.0,44.0,44.0,44.0,44.0,45.0,44.0,45.0,44.0,44.0,45.0,,"1,079.0"
HE ANGOSTURA,ANGOSTURA,Hidráulica,Pasada,Región del Bío-Bío,convencional,0,2/9/14,44.0,44.0,44.0,44.0,45.0,45.0,44.0,44.0,45.0,46.0,45.0,46.0,46.0,46.0,45.0,43.0,45.0,44.0,44.0,41.0,42.0,41.0,41.0,42.0,,"1,056.0"
HE ANGOSTURA,ANGOSTURA,Hidráulica,Pasada,Región del Bío-Bío,convencional,0,2/10/14,43.0,43.0,43.0,45.0,45.0,44.0,44.0,44.0,45.0,45.0,34.0,30.0,32.0,33.0,31.0,51.0,41.0,39.0,40.0,40.0,40.0,40.0,40.0,40.0,,972.0
HE ANGOSTURA,ANGOSTURA,Hidráulica,Pasada,Región del Bío-Bío,convencional,0,2/11/14,41.0,44.0,44.0,45.0,45.0,43.0,44.0,44.0,44.0,44.0,44.0,44.0,44.0,44.0,45.0,45.0,43.0,43.0,44.0,45.0,44.0,44.0,45.0,44.0,,"1,056.0"
HE ANGOSTURA,ANGOSTURA,Hidráulica,Pasada,Región del Bío-Bío,convencional,0,2/12/14,44.0,44.0,44.0,44.0,44.0,43.0,44.0,44.0,35.0,28.0,26.0,26.0,26.0,26.0,26.0,25.0,26.0,26.0,25.0,45.0,44.0,45.0,43.0,43.0,,866.0
HE ANGOSTURA,ANGOSTURA,Hidráulica,Pasada,Región del Bío-Bío,convencional,0,2/13/14,44.0,44.0,44.0,45.0,45.0,45.0,44.0,44.0,45.0,31.0,45.0,45.0,45.0,44.0,45.0,45.0,45.0,45.0,44.0,43.0,43.0,43.0,44.0,44.0,,"1,051.0"
HE ANGOSTURA,ANGOSTURA,Hidráulica,Pasada,Región del Bío-Bío,convencional,0,2/14/14,43.0,44.0,44.0,44.0,43.0,43.0,42.0,40.0,22.0,23.0,23.0,23.0,37.0,41.0,41.0,42.0,42.0,42.0,40.0,41.0,41.0,41.0,40.0,41.0,,923.0
HE ANGOSTURA,ANGOSTURA,Hidráulica,Pasada,Región del Bío-Bío,convencional,0,2/15/14,41.0,40.0,40.0,41.0,40.0,42.0,41.0,42.0,43.0,43.0,46.0,45.0,44.0,44.0,44.0,44.0,43.0,44.0,43.0,43.0,44.0,43.0,44.0,43.0,,"1,027.0"
HE ANGOSTURA,ANGOSTURA,Hidráulica,Pasada,Región del Bío-Bío,convencional,0,2/16/14,44.0,43.0,44.0,43.0,44.0,43.0,43.0,43.0,44.0,45.0,45.0,46.0,44.0,44.0,44.0,45.0,45.0,45.0,44.0,44.0,5.0,0.0,41.0,44.0,,972.0
HE ANGOSTURA,ANGOSTURA,Hidráulica,Pasada,Región del Bío-Bío,convencional,0,2/17/14,43.0,42.0,40.0,41.0,41.0,44.0,44.0,46.0,44.0,46.0,46.0,46.0,62.0,128.0,155.0,159.0,136.0,131.0,108.0,96.0,99.0,100.0,86.0,83.0,,"1,866.0"
HE ANGOSTURA,ANGOSTURA,Hidráulica,Pasada,Región del Bío-Bío,convencional,0,2/18/14,82.0,77.0,46.0,39.0,35.0,36.0,39.0,40.0,41.0,43.0,45.0,47.0,47.0,47.0,57.0,76.0,133.0,168.0,182.0,161.0,130.0,108.0,85.0,77.0,,"1,841.0"
HE ANGOSTURA,ANGOSTURA,Hidráulica,Pasada,Región del Bío-Bío,convencional,0,2/19/14,76.0,49.0,48.0,40.0,40.0,40.0,39.0,40.0,8.0,0.0,0.0,0.0,0.0,0.0,0.0,0.0,0.0,0.0,23.0,46.0,90.0,154.0,48.0,181.0,,922.0
HE ANGOSTURA,ANGOSTURA,Hidráulica,Pasada,Región del Bío-Bío,convencional,0,2/20/14,168.0,94.0,46.0,47.0,46.0,47.0,42.0,41.0,41.0,41.0,41.0,43.0,46.0,51.0,104.0,102.0,94.0,87.0,84.0,86.0,79.0,79.0,79.0,80.0,,"1,668.0"
HE ANGOSTURA,ANGOSTURA,Hidráulica,Pasada,Región del Bío-Bío,convencional,0,2/21/14,78.0,65.0,47.0,36.0,36.0,36.0,36.0,39.0,39.0,40.0,47.0,47.0,47.0,45.0,46.0,47.0,47.0,46.0,53.0,50.0,55.0,66.0,70.0,72.0,,"1,190.0"
HE ANGOSTURA,ANGOSTURA,Hidráulica,Pasada,Región del Bío-Bío,convencional,0,2/22/14,77.0,77.0,53.0,35.0,37.0,39.0,40.0,41.0,41.0,40.0,40.0,41.0,41.0,40.0,40.0,45.0,46.0,45.0,46.0,47.0,47.0,42.0,42.0,42.0,,"1,084.0"
HE ANGOSTURA,ANGOSTURA,Hidráulica,Pasada,Región del Bío-Bío,convencional,0,2/23/14,42.0,44.0,44.0,42.0,40.0,40.0,41.0,41.0,41.0,41.0,41.0,41.0,40.0,41.0,43.0,45.0,45.0,45.0,45.0,45.0,41.0,41.0,42.0,42.0,,"1,013.0"
HE ANGOSTURA,ANGOSTURA,Hidráulica,Pasada,Región del Bío-Bío,convencional,0,2/24/14,42.0,42.0,42.0,42.0,42.0,42.0,41.0,41.0,42.0,41.0,42.0,42.0,42.0,41.0,44.0,45.0,45.0,45.0,43.0,43.0,43.0,46.0,46.0,46.0,,"1,030.0"
HE ANGOSTURA,ANGOSTURA,Hidráulica,Pasada,Región del Bío-Bío,convencional,0,2/25/14,47.0,47.0,47.0,47.0,47.0,47.0,47.0,47.0,47.0,71.0,75.0,75.0,69.0,69.0,72.0,70.0,70.0,70.0,74.0,79.0,93.0,85.0,63.0,50.0,,"1,508.0"
HE ANGOSTURA,ANGOSTURA,Hidráulica,Pasada,Región del Bío-Bío,convencional,0,2/26/14,47.0,47.0,45.0,45.0,44.0,42.0,42.0,47.0,48.0,48.0,50.0,49.0,68.0,112.0,129.0,122.0,127.0,130.0,136.0,116.0,94.0,70.0,67.0,67.0,,"1,792.0"
HE ANGOSTURA,ANGOSTURA,Hidráulica,Pasada,Región del Bío-Bío,convencional,0,2/27/14,70.0,71.0,71.0,46.0,40.0,39.0,40.0,40.0,45.0,47.0,47.0,47.0,50.0,82.0,107.0,81.0,83.0,84.0,87.0,88.0,113.0,97.0,81.0,80.0,,"1,636.0"
HE ANGOSTURA,ANGOSTURA,Hidráulica,Pasada,Región del Bío-Bío,convencional,0,2/28/14,75.0,49.0,42.0,45.0,47.0,47.0,47.0,44.0,45.0,46.0,48.0,46.0,47.0,47.0,47.0,69.0,87.0,61.0,59.0,54.0,49.0,42.0,44.0,48.0,,"1,235.0"
HE ANGOSTURA,ANGOSTURA,Hidráulica,Pasada,Región del Bío-Bío,convencional,0,3/1/14,66.0,113.0,75.0,47.0,44.0,41.0,41.0,41.0,43.0,43.0,43.0,43.0,42.0,40.0,40.0,41.0,41.0,41.0,41.0,41.0,41.0,41.0,40.0,41.0,,"1,130.0"
HE ANGOSTURA,ANGOSTURA,Hidráulica,Pasada,Región del Bío-Bío,convencional,0,3/2/14,41.0,45.0,47.0,47.0,47.0,47.0,47.0,47.0,47.0,47.0,47.0,47.0,47.0,47.0,47.0,47.0,47.0,47.0,47.0,47.0,47.0,47.0,47.0,57.0,,"1,130.0"
HE ANGOSTURA,ANGOSTURA,Hidráulica,Pasada,Región del Bío-Bío,convencional,0,3/3/14,60.0,62.0,62.0,54.0,46.0,47.0,47.0,47.0,47.0,47.0,47.0,47.0,47.0,47.0,47.0,47.0,47.0,47.0,47.0,47.0,47.0,47.0,58.0,57.0,,"1,198.0"
HE ANGOSTURA,ANGOSTURA,Hidráulica,Pasada,Región del Bío-Bío,convencional,0,3/4/14,56.0,55.0,55.0,50.0,45.0,47.0,47.0,47.0,47.0,47.0,47.0,47.0,47.0,47.0,47.0,43.0,40.0,47.0,47.0,47.0,47.0,46.0,47.0,47.0,,"1,142.0"
HE ANGOSTURA,ANGOSTURA,Hidráulica,Pasada,Región del Bío-Bío,convencional,0,3/5/14,65.0,116.0,122.0,75.0,46.0,46.0,46.0,46.0,47.0,47.0,47.0,47.0,47.0,48.0,49.0,48.0,73.0,103.0,101.0,101.0,97.0,81.0,80.0,79.0,,"1,657.0"
HE ANGOSTURA,ANGOSTURA,Hidráulica,Pasada,Región del Bío-Bío,convencional,0,3/6/14,68.0,69.0,51.0,39.0,40.0,40.0,40.0,51.0,52.0,48.0,46.0,46.0,46.0,47.0,51.0,74.0,70.0,111.0,81.0,95.0,99.0,103.0,120.0,124.0,,"1,611.0"
HE ANGOSTURA,ANGOSTURA,Hidráulica,Pasada,Región del Bío-Bío,convencional,0,3/7/14,100.0,77.0,63.0,42.0,40.0,38.0,38.0,38.0,42.0,56.0,126.0,66.0,39.0,41.0,47.0,105.0,126.0,175.0,66.0,62.0,67.0,71.0,63.0,50.0,,"1,638.0"
HE ANGOSTURA,ANGOSTURA,Hidráulica,Pasada,Región del Bío-Bío,convencional,0,3/8/14,47.0,47.0,47.0,43.0,43.0,43.0,43.0,42.0,43.0,56.0,136.0,143.0,121.0,45.0,43.0,37.0,37.0,37.0,37.0,37.0,37.0,37.0,37.0,37.0,,"1,275.0"
HE ANGOSTURA,ANGOSTURA,Hidráulica,Pasada,Región del Bío-Bío,convencional,0,3/9/14,37.0,38.0,37.0,38.0,37.0,37.0,37.0,37.0,37.0,37.0,38.0,37.0,38.0,37.0,37.0,37.0,37.0,37.0,37.0,37.0,37.0,37.0,38.0,37.0,,893.0
HE ANGOSTURA,ANGOSTURA,Hidráulica,Pasada,Región del Bío-Bío,convencional,0,3/10/14,37.0,38.0,37.0,37.0,38.0,38.0,42.0,40.0,40.0,40.0,46.0,47.0,47.0,36.0,77.0,86.0,90.0,90.0,93.0,90.0,91.0,91.0,82.0,76.0,,"1,429.0"
HE ANGOSTURA,ANGOSTURA,Hidráulica,Pasada,Región del Bío-Bío,convencional,0,3/11/14,72.0,59.0,39.0,40.0,41.0,41.0,42.0,47.0,47.0,48.0,47.0,47.0,47.0,47.0,47.0,47.0,46.0,51.0,67.0,85.0,85.0,87.0,88.0,88.0,,"1,355.0"
HE ANGOSTURA,ANGOSTURA,Hidráulica,Pasada,Región del Bío-Bío,convencional,0,3/12/14,85.0,80.0,62.0,51.0,44.0,40.0,40.0,40.0,46.0,47.0,47.0,47.0,48.0,47.0,46.0,47.0,48.0,47.0,47.0,47.0,47.0,47.0,48.0,43.0,,"1,191.0"
HE ANGOSTURA,ANGOSTURA,Hidráulica,Pasada,Región del Bío-Bío,convencional,0,3/13/14,42.0,42.0,44.0,44.0,45.0,44.0,45.0,52.0,55.0,52.0,50.0,50.0,51.0,50.0,50.0,51.0,57.0,66.0,83.0,85.0,88.0,91.0,89.0,70.0,,"1,396.0"
HE ANGOSTURA,ANGOSTURA,Hidráulica,Pasada,Región del Bío-Bío,convencional,0,3/14/14,65.0,56.0,47.0,47.0,44.0,44.0,44.0,43.0,44.0,47.0,47.0,47.0,47.0,47.0,47.0,48.0,54.0,41.0,40.0,66.0,80.0,71.0,73.0,82.0,,"1,271.0"
HE ANGOSTURA,ANGOSTURA,Hidráulica,Pasada,Región del Bío-Bío,convencional,0,3/15/14,80.0,82.0,78.0,61.0,45.0,46.0,45.0,45.0,46.0,47.0,47.0,47.0,48.0,47.0,47.0,47.0,47.0,47.0,48.0,47.0,91.0,94.0,95.0,95.0,,"1,422.0"
HE ANGOSTURA,ANGOSTURA,Hidráulica,Pasada,Región del Bío-Bío,convencional,0,3/16/14,72.0,65.0,50.0,42.0,40.0,40.0,39.0,42.0,47.0,48.0,41.0,43.0,44.0,43.0,43.0,43.0,44.0,43.0,43.0,44.0,43.0,43.0,44.0,44.0,,"1,090.0"
HE ANGOSTURA,ANGOSTURA,Hidráulica,Pasada,Región del Bío-Bío,convencional,0,3/17/14,44.0,44.0,44.0,44.0,46.0,46.0,47.0,46.0,47.0,47.0,47.0,47.0,47.0,54.0,64.0,82.0,90.0,91.0,90.0,82.0,64.0,60.0,60.0,60.0,,"1,393.0"
HE ANGOSTURA,ANGOSTURA,Hidráulica,Pasada,Región del Bío-Bío,convencional,0,3/18/14,60.0,60.0,56.0,50.0,46.0,46.0,46.0,45.0,47.0,47.0,47.0,47.0,47.0,47.0,65.0,90.0,91.0,91.0,91.0,91.0,90.0,90.0,76.0,71.0,,"1,537.0"
HE ANGOSTURA,ANGOSTURA,Hidráulica,Pasada,Región del Bío-Bío,convencional,0,3/19/14,70.0,58.0,47.0,47.0,47.0,47.0,48.0,48.0,47.0,47.0,47.0,48.0,47.0,48.0,47.0,47.0,48.0,47.0,64.0,75.0,75.0,76.0,78.0,90.0,,"1,343.0"
HE ANGOSTURA,ANGOSTURA,Hidráulica,Pasada,Región del Bío-Bío,convencional,0,3/20/14,105.0,100.0,83.0,72.0,50.0,47.0,47.0,47.0,47.0,47.0,48.0,47.0,47.0,48.0,47.0,48.0,47.0,53.0,48.0,47.0,62.0,70.0,71.0,72.0,,"1,400.0"
HE ANGOSTURA,ANGOSTURA,Hidráulica,Pasada,Región del Bío-Bío,convencional,0,3/21/14,102.0,110.0,58.0,53.0,42.0,40.0,40.0,40.0,41.0,40.0,40.0,30.0,15.0,48.0,137.0,171.0,133.0,78.0,80.0,77.0,77.0,72.0,65.0,56.0,,"1,645.0"
HE ANGOSTURA,ANGOSTURA,Hidráulica,Pasada,Región del Bío-Bío,convencional,0,3/22/14,48.0,43.0,40.0,41.0,40.0,40.0,41.0,40.0,40.0,51.0,105.0,76.0,92.0,89.0,39.0,29.0,67.0,118.0,73.0,46.0,48.0,48.0,48.0,57.0,,"1,359.0"
HE ANGOSTURA,ANGOSTURA,Hidráulica,Pasada,Región del Bío-Bío,convencional,0,3/23/14,70.0,73.0,59.0,51.0,47.0,47.0,40.0,41.0,41.0,41.0,46.0,53.0,53.0,47.0,61.0,76.0,66.0,50.0,40.0,41.0,40.0,40.0,40.0,44.0,,"1,207.0"
HE ANGOSTURA,ANGOSTURA,Hidráulica,Pasada,Región del Bío-Bío,convencional,0,3/24/14,47.0,47.0,48.0,47.0,47.0,48.0,47.0,47.0,47.0,47.0,47.0,48.0,38.0,47.0,52.0,72.0,94.0,125.0,136.0,118.0,115.0,65.0,55.0,62.0,,"1,546.0"
HE ANGOSTURA,ANGOSTURA,Hidráulica,Pasada,Región del Bío-Bío,convencional,0,3/25/14,75.0,71.0,52.0,41.0,40.0,41.0,41.0,40.0,41.0,18.0,0.0,0.0,34.0,47.0,52.0,72.0,110.0,108.0,90.0,86.0,80.0,67.0,57.0,55.0,,"1,318.0"
HE ANGOSTURA,ANGOSTURA,Hidráulica,Pasada,Región del Bío-Bío,convencional,0,3/26/14,57.0,55.0,48.0,41.0,40.0,40.0,41.0,41.0,41.0,34.0,0.0,0.0,0.0,16.0,47.0,47.0,61.0,74.0,75.0,75.0,72.0,70.0,70.0,69.0,,"1,114.0"
HE ANGOSTURA,ANGOSTURA,Hidráulica,Pasada,Región del Bío-Bío,convencional,0,3/27/14,71.0,69.0,54.0,47.0,41.0,40.0,41.0,43.0,48.0,47.0,10.0,1.0,47.0,56.0,78.0,60.0,0.0,68.0,56.0,55.0,50.0,47.0,47.0,43.0,,"1,119.0"
HE ANGOSTURA,ANGOSTURA,Hidráulica,Pasada,Región del Bío-Bío,convencional,0,3/28/14,43.0,43.0,42.0,43.0,43.0,38.0,38.0,37.0,38.0,38.0,41.0,70.0,71.0,58.0,47.0,47.0,47.0,47.0,47.0,47.0,47.0,47.0,48.0,46.0,,"1,113.0"
HE ANGOSTURA,ANGOSTURA,Hidráulica,Pasada,Región del Bío-Bío,convencional,0,3/29/14,47.0,47.0,48.0,46.0,47.0,47.0,47.0,47.0,48.0,47.0,115.0,109.0,89.0,92.0,92.0,92.0,134.0,147.0,156.0,109.0,78.0,68.0,70.0,65.0,,"1,887.0"
HE ANGOSTURA,ANGOSTURA,Hidráulica,Pasada,Región del Bío-Bío,convencional,0,3/30/14,113.0,120.0,95.0,97.0,92.0,99.0,102.0,105.0,94.0,97.0,88.0,79.0,52.0,58.0,74.0,55.0,72.0,102.0,131.0,140.0,137.0,140.0,144.0,134.0,,"2,420.0"
HE ANGOSTURA,ANGOSTURA,Hidráulica,Pasada,Región del Bío-Bío,convencional,0,3/31/14,142.0,142.0,114.0,71.0,64.0,61.0,60.0,45.0,46.0,46.0,51.0,85.0,101.0,139.0,133.0,84.0,0.0,64.0,137.0,126.0,104.0,92.0,89.0,104.0,,"2,100.0"
HE ANGOSTURA,ANGOSTURA,Hidráulica,Pasada,Región del Bío-Bío,convencional,0,4/1/14,96.0,65.0,52.0,51.0,40.0,40.0,40.0,41.0,39.0,39.0,47.0,46.0,47.0,47.0,72.0,87.0,82.0,83.0,80.0,81.0,75.0,75.0,75.0,75.0,,"1,475.0"
HE ANGOSTURA,ANGOSTURA,Hidráulica,Pasada,Región del Bío-Bío,convencional,0,4/2/14,75.0,73.0,72.0,56.0,19.0,45.0,45.0,45.0,51.0,47.0,51.0,85.0,87.0,86.0,87.0,69.0,52.0,49.0,49.0,40.0,41.0,41.0,41.0,41.0,,"1,347.0"
HE ANGOSTURA,ANGOSTURA,Hidráulica,Pasada,Región del Bío-Bío,convencional,0,4/3/14,42.0,42.0,44.0,45.0,47.0,47.0,47.0,47.0,54.0,79.0,100.0,121.0,120.0,100.0,102.0,100.0,100.0,95.0,60.0,48.0,53.0,54.0,41.0,40.0,,"1,628.0"
HE ANGOSTURA,ANGOSTURA,Hidráulica,Pasada,Región del Bío-Bío,convencional,0,4/4/14,41.0,40.0,41.0,40.0,41.0,41.0,40.0,41.0,44.0,44.0,133.0,127.0,129.0,107.0,109.0,108.0,109.0,108.0,109.0,108.0,68.0,46.0,40.0,41.0,,"1,755.0"
HE ANGOSTURA,ANGOSTURA,Hidráulica,Pasada,Región del Bío-Bío,convencional,0,4/5/14,40.0,41.0,40.0,47.0,47.0,48.0,47.0,47.0,47.0,47.0,61.0,110.0,120.0,87.0,64.0,66.0,70.0,76.0,51.0,47.0,48.0,47.0,47.0,47.0,,"1,392.0"
HE ANGOSTURA,ANGOSTURA,Hidráulica,Pasada,Región del Bío-Bío,convencional,0,4/6/14,47.0,47.0,47.0,39.0,39.0,38.0,37.0,37.0,37.0,38.0,38.0,38.0,38.0,45.0,47.0,47.0,47.0,47.0,47.0,48.0,47.0,48.0,47.0,47.0,,"1,037.0"
HE ANGOSTURA,ANGOSTURA,Hidráulica,Pasada,Región del Bío-Bío,convencional,0,4/7/14,59.0,99.0,99.0,77.0,55.0,42.0,41.0,41.0,40.0,56.0,61.0,60.0,60.0,74.0,75.0,87.0,100.0,105.0,66.0,72.0,73.0,73.0,50.0,41.0,,"1,606.0"
HE ANGOSTURA,ANGOSTURA,Hidráulica,Pasada,Región del Bío-Bío,convencional,0,4/8/14,41.0,40.0,41.0,41.0,41.0,40.0,41.0,41.0,42.0,59.0,149.0,127.0,112.0,109.0,107.0,107.0,109.0,98.0,85.0,79.0,70.0,70.0,57.0,40.0,,"1,746.0"
HE ANGOSTURA,ANGOSTURA,Hidráulica,Pasada,Región del Bío-Bío,convencional,0,4/9/14,40.0,40.0,40.0,40.0,41.0,47.0,47.0,53.0,112.0,134.0,134.0,71.0,60.0,60.0,65.0,72.0,85.0,84.0,57.0,51.0,46.0,46.0,44.0,44.0,,"1,513.0"
HE ANGOSTURA,ANGOSTURA,Hidráulica,Pasada,Región del Bío-Bío,convencional,0,4/10/14,42.0,46.0,39.0,44.0,40.0,41.0,41.0,41.0,47.0,47.0,47.0,58.0,112.0,140.0,131.0,137.0,141.0,139.0,140.0,92.0,40.0,39.0,41.0,44.0,,"1,729.0"
HE ANGOSTURA,ANGOSTURA,Hidráulica,Pasada,Región del Bío-Bío,convencional,0,4/11/14,46.0,47.0,45.0,45.0,46.0,45.0,46.0,46.0,45.0,45.0,47.0,47.0,47.0,48.0,48.0,47.0,47.0,164.0,188.0,188.0,186.0,185.0,184.0,135.0,,"2,017.0"
HE ANGOSTURA,ANGOSTURA,Hidráulica,Pasada,Región del Bío-Bío,convencional,0,4/12/14,41.0,41.0,38.0,38.0,38.0,39.0,38.0,39.0,42.0,41.0,40.0,41.0,46.0,84.0,87.0,99.0,122.0,121.0,121.0,120.0,121.0,122.0,121.0,121.0,,"1,761.0"
HE ANGOSTURA,ANGOSTURA,Hidráulica,Pasada,Región del Bío-Bío,convencional,0,4/13/14,97.0,42.0,37.0,37.0,38.0,38.0,38.0,38.0,38.0,38.0,38.0,37.0,38.0,38.0,38.0,37.0,38.0,38.0,38.0,57.0,148.0,141.0,139.0,138.0,,"1,404.0"
HE ANGOSTURA,ANGOSTURA,Hidráulica,Pasada,Región del Bío-Bío,convencional,0,4/14/14,84.0,52.0,38.0,38.0,37.0,37.0,38.0,37.0,38.0,37.0,38.0,45.0,47.0,90.0,113.0,174.0,188.0,184.0,192.0,191.0,188.0,106.0,47.0,41.0,,"2,080.0"
HE ANGOSTURA,ANGOSTURA,Hidráulica,Pasada,Región del Bío-Bío,convencional,0,4/15/14,38.0,42.0,41.0,40.0,40.0,40.0,41.0,41.0,42.0,125.0,133.0,135.0,130.0,123.0,129.0,126.0,100.0,39.0,34.0,53.0,81.0,68.0,34.0,35.0,,"1,710.0"
HE ANGOSTURA,ANGOSTURA,Hidráulica,Pasada,Región del Bío-Bío,convencional,0,4/16/14,34.0,34.0,35.0,36.0,36.0,35.0,36.0,35.0,37.0,115.0,186.0,187.0,185.0,65.0,40.0,36.0,36.0,36.0,37.0,38.0,37.0,37.0,38.0,37.0,,"1,428.0"
HE ANGOSTURA,ANGOSTURA,Hidráulica,Pasada,Región del Bío-Bío,convencional,0,4/17/14,37.0,36.0,37.0,37.0,36.0,36.0,36.0,37.0,38.0,38.0,47.0,47.0,66.0,142.0,153.0,98.0,60.0,75.0,40.0,40.0,37.0,36.0,37.0,38.0,,"1,284.0"
HE ANGOSTURA,ANGOSTURA,Hidráulica,Pasada,Región del Bío-Bío,convencional,0,4/18/14,37.0,37.0,38.0,37.0,37.0,37.0,37.0,38.0,38.0,37.0,43.0,45.0,45.0,46.0,45.0,45.0,46.0,45.0,48.0,67.0,45.0,46.0,45.0,45.0,,"1,029.0"
HE ANGOSTURA,ANGOSTURA,Hidráulica,Pasada,Región del Bío-Bío,convencional,0,4/19/14,44.0,43.0,42.0,42.0,42.0,40.0,39.0,39.0,39.0,40.0,40.0,39.0,39.0,40.0,39.0,39.0,40.0,40.0,50.0,81.0,158.0,172.0,171.0,125.0,,"1,483.0"
HE ANGOSTURA,ANGOSTURA,Hidráulica,Pasada,Región del Bío-Bío,convencional,0,4/20/14,65.0,38.0,38.0,38.0,37.0,37.0,37.0,38.0,38.0,37.0,39.0,37.0,38.0,37.0,38.0,37.0,38.0,38.0,37.0,44.0,114.0,122.0,106.0,39.0,,"1,167.0"
HE ANGOSTURA,ANGOSTURA,Hidráulica,Pasada,Región del Bío-Bío,convencional,0,4/21/14,38.0,38.0,38.0,38.0,38.0,38.0,37.0,37.0,38.0,39.0,38.0,38.0,39.0,39.0,39.0,59.0,121.0,63.0,39.0,116.0,118.0,122.0,64.0,39.0,,"1,313.0"
HE ANGOSTURA,ANGOSTURA,Hidráulica,Pasada,Región del Bío-Bío,convencional,0,4/22/14,38.0,38.0,38.0,37.0,38.0,38.0,39.0,46.0,45.0,45.0,50.0,46.0,47.0,47.0,44.0,44.0,41.0,41.0,40.0,40.0,40.0,40.0,40.0,40.0,,"1,002.0"
HE ANGOSTURA,ANGOSTURA,Hidráulica,Pasada,Región del Bío-Bío,convencional,0,4/23/14,40.0,40.0,40.0,40.0,38.0,44.0,40.0,41.0,42.0,38.0,37.0,36.0,26.0,22.0,22.0,21.0,24.0,22.0,23.0,22.0,22.0,23.0,22.0,22.0,,747.0
HE ANGOSTURA,ANGOSTURA,Hidráulica,Pasada,Región del Bío-Bío,convencional,0,4/24/14,22.0,22.0,22.0,12.0,20.0,22.0,23.0,22.0,23.0,23.0,23.0,23.0,23.0,23.0,23.0,23.0,24.0,26.0,23.0,22.0,24.0,23.0,22.0,23.0,,536.0
HE ANGOSTURA,ANGOSTURA,Hidráulica,Pasada,Región del Bío-Bío,convencional,0,4/25/14,23.0,23.0,23.0,23.0,23.0,22.0,23.0,23.0,23.0,23.0,23.0,22.0,23.0,23.0,23.0,22.0,23.0,23.0,22.0,23.0,23.0,23.0,23.0,23.0,,548.0
HE ANGOSTURA,ANGOSTURA,Hidráulica,Pasada,Región del Bío-Bío,convencional,0,4/26/14,23.0,23.0,23.0,23.0,24.0,24.0,25.0,24.0,24.0,24.0,24.0,99.0,52.0,47.0,101.0,101.0,101.0,85.0,46.0,92.0,141.0,141.0,141.0,68.0,,"1,476.0"
HE ANGOSTURA,ANGOSTURA,Hidráulica,Pasada,Región del Bío-Bío,convencional,0,4/27/14,40.0,40.0,40.0,40.0,41.0,41.0,38.0,35.0,35.0,34.0,33.0,33.0,34.0,34.0,34.0,34.0,35.0,34.0,42.0,47.0,47.0,48.0,47.0,36.0,,922.0
HE ANGOSTURA,ANGOSTURA,Hidráulica,Pasada,Región del Bío-Bío,convencional,0,4/28/14,29.0,29.0,30.0,30.0,30.0,31.0,30.0,30.0,34.0,41.0,46.0,45.0,85.0,118.0,106.0,91.0,91.0,79.0,40.0,41.0,44.0,47.0,41.0,41.0,,"1,229.0"
HE ANGOSTURA,ANGOSTURA,Hidráulica,Pasada,Región del Bío-Bío,convencional,0,4/29/14,38.0,36.0,36.0,35.0,35.0,34.0,34.0,35.0,35.0,83.0,91.0,89.0,91.0,40.0,37.0,36.0,37.0,37.0,37.0,37.0,36.0,36.0,36.0,35.0,,"1,076.0"
HE ANGOSTURA,ANGOSTURA,Hidráulica,Pasada,Región del Bío-Bío,convencional,0,4/30/14,36.0,36.0,37.0,36.0,36.0,36.0,36.0,36.0,37.0,36.0,36.0,36.0,36.0,37.0,37.0,36.0,38.0,38.0,121.0,135.0,118.0,42.0,46.0,47.0,,"1,165.0"
HE ANGOSTURA,ANGOSTURA,Hidráulica,Pasada,Región del Bío-Bío,convencional,0,5/1/14,47.0,48.0,47.0,47.0,47.0,48.0,48.0,68.0,127.0,136.0,127.0,128.0,137.0,147.0,190.0,187.0,236.0,285.0,295.0,299.0,190.0,170.0,151.0,139.0,,"3,344.0"
HE ANGOSTURA,ANGOSTURA,Hidráulica,Pasada,Región del Bío-Bío,convencional,0,5/2/14,159.0,147.0,131.0,102.0,70.0,46.0,41.0,40.0,41.0,42.0,121.0,120.0,130.0,120.0,120.0,120.0,83.0,75.0,75.0,97.0,120.0,120.0,120.0,122.0,,"2,362.0"
HE ANGOSTURA,ANGOSTURA,Hidráulica,Pasada,Región del Bío-Bío,convencional,0,5/3/14,121.0,57.0,42.0,37.0,36.0,37.0,36.0,36.0,40.0,40.0,59.0,110.0,110.0,110.0,112.0,112.0,112.0,76.0,70.0,83.0,99.0,99.0,99.0,101.0,,"1,834.0"
HE ANGOSTURA,ANGOSTURA,Hidráulica,Pasada,Región del Bío-Bío,convencional,0,5/4/14,76.0,38.0,39.0,39.0,38.0,39.0,39.0,46.0,90.0,140.0,140.0,203.0,223.0,221.0,204.0,196.0,162.0,141.0,155.0,180.0,180.0,180.0,182.0,145.0,,"3,096.0"
HE ANGOSTURA,ANGOSTURA,Hidráulica,Pasada,Región del Bío-Bío,convencional,0,5/5/14,78.0,38.0,37.0,37.0,38.0,101.0,176.0,137.0,129.0,131.0,126.0,123.0,110.0,110.0,110.0,175.0,191.0,177.0,159.0,174.0,189.0,190.0,191.0,185.0,,"3,112.0"
HE ANGOSTURA,ANGOSTURA,Hidráulica,Pasada,Región del Bío-Bío,convencional,0,5/6/14,169.0,55.0,54.0,98.0,90.0,40.0,36.0,84.0,171.0,86.0,131.0,136.0,124.0,120.0,114.0,121.0,167.0,175.0,166.0,184.0,186.0,186.0,187.0,188.0,,"3,068.0"
HE ANGOSTURA,ANGOSTURA,Hidráulica,Pasada,Región del Bío-Bío,convencional,0,5/7/14,151.0,98.0,68.0,48.0,47.0,48.0,47.0,48.0,100.0,137.0,146.0,127.0,127.0,133.0,162.0,187.0,195.0,200.0,200.0,200.0,202.0,200.0,200.0,201.0,,"3,272.0"
HE ANGOSTURA,ANGOSTURA,Hidráulica,Pasada,Región del Bío-Bío,convencional,0,5/8/14,151.0,104.0,41.0,41.0,41.0,41.0,44.0,63.0,138.0,140.0,139.0,138.0,187.0,186.0,187.0,171.0,181.0,186.0,186.0,197.0,181.0,183.0,182.0,95.0,,"3,203.0"
HE ANGOSTURA,ANGOSTURA,Hidráulica,Pasada,Región del Bío-Bío,convencional,0,5/9/14,40.0,40.0,41.0,40.0,40.0,41.0,41.0,141.0,141.0,140.0,171.0,191.0,280.0,213.0,178.0,179.0,184.0,183.0,212.0,226.0,226.0,227.0,217.0,103.0,,"3,495.0"
HE ANGOSTURA,ANGOSTURA,Hidráulica,Pasada,Región del Bío-Bío,convencional,0,5/10/14,43.0,39.0,38.0,39.0,38.0,39.0,82.0,142.0,87.0,40.0,40.0,34.0,113.0,122.0,115.0,106.0,31.0,30.0,35.0,48.0,47.0,47.0,48.0,48.0,,"1,451.0"
HE ANGOSTURA,ANGOSTURA,Hidráulica,Pasada,Región del Bío-Bío,convencional,0,5/11/14,47.0,48.0,47.0,47.0,48.0,47.0,47.0,47.0,48.0,47.0,123.0,191.0,173.0,98.0,85.0,47.0,47.0,36.0,35.0,34.0,42.0,102.0,85.0,48.0,,"1,619.0"
HE ANGOSTURA,ANGOSTURA,Hidráulica,Pasada,Región del Bío-Bío,convencional,0,5/12/14,41.0,38.0,37.0,38.0,37.0,38.0,43.0,47.0,94.0,190.0,190.0,189.0,189.0,167.0,100.0,102.0,104.0,71.0,35.0,35.0,59.0,112.0,85.0,36.0,,"2,077.0"
HE ANGOSTURA,ANGOSTURA,Hidráulica,Pasada,Región del Bío-Bío,convencional,0,5/13/14,36.0,38.0,41.0,41.0,40.0,41.0,41.0,40.0,98.0,140.0,71.0,51.0,126.0,138.0,141.0,141.0,140.0,140.0,141.0,154.0,186.0,186.0,164.0,184.0,,"2,519.0"
HE ANGOSTURA,ANGOSTURA,Hidráulica,Pasada,Región del Bío-Bío,convencional,0,5/14/14,186.0,186.0,183.0,185.0,184.0,183.0,185.0,185.0,185.0,185.0,280.0,325.0,323.0,322.0,321.0,325.0,323.0,324.0,324.0,326.0,323.0,324.0,323.0,323.0,,"6,333.0"
HE ANGOSTURA,ANGOSTURA,Hidráulica,Pasada,Región del Bío-Bío,convencional,0,5/15/14,198.0,186.0,186.0,149.0,122.0,101.0,126.0,175.0,188.0,230.0,315.0,323.0,325.0,247.0,188.0,188.0,183.0,185.0,188.0,187.0,185.0,188.0,185.0,186.0,,"4,734.0"
HE ANGOSTURA,ANGOSTURA,Hidráulica,Pasada,Región del Bío-Bío,convencional,0,5/16/14,84.0,72.0,72.0,72.0,72.0,119.0,141.0,141.0,141.0,157.0,220.0,221.0,220.0,222.0,218.0,218.0,217.0,173.0,170.0,227.0,235.0,244.0,280.0,280.0,,"4,216.0"
HE ANGOSTURA,ANGOSTURA,Hidráulica,Pasada,Región del Bío-Bío,convencional,0,5/17/14,168.0,71.0,71.0,71.0,71.0,71.0,75.0,80.0,90.0,130.0,198.0,200.0,200.0,209.0,239.0,238.0,242.0,241.0,239.0,239.0,257.0,280.0,277.0,318.0,,"4,275.0"
HE ANGOSTURA,ANGOSTURA,Hidráulica,Pasada,Región del Bío-Bío,convencional,0,5/18/14,325.0,194.0,181.0,59.0,40.0,40.0,40.0,40.0,40.0,40.0,112.0,140.0,170.0,170.0,172.0,171.0,120.0,76.0,141.0,199.0,108.0,70.0,70.0,70.0,,"2,788.0"
HE ANGOSTURA,ANGOSTURA,Hidráulica,Pasada,Región del Bío-Bío,convencional,0,5/19/14,70.0,70.0,70.0,70.0,70.0,70.0,84.0,100.0,167.0,201.0,200.0,204.0,203.0,203.0,200.0,201.0,201.0,116.0,46.0,129.0,201.0,200.0,200.0,193.0,,"3,469.0"
HE ANGOSTURA,ANGOSTURA,Hidráulica,Pasada,Región del Bío-Bío,convencional,0,5/20/14,140.0,76.0,47.0,47.0,47.0,47.0,47.0,166.0,151.0,104.0,100.0,141.0,140.0,140.0,141.0,141.0,140.0,140.0,140.0,140.0,140.0,140.0,140.0,140.0,,"2,795.0"
HE ANGOSTURA,ANGOSTURA,Hidráulica,Pasada,Región del Bío-Bío,convencional,0,5/21/14,140.0,128.0,100.0,94.0,48.0,47.0,47.0,47.0,48.0,47.0,131.0,140.0,141.0,140.0,140.0,117.0,101.0,101.0,120.0,140.0,140.0,141.0,140.0,122.0,,"2,560.0"
HE ANGOSTURA,ANGOSTURA,Hidráulica,Pasada,Región del Bío-Bío,convencional,0,5/22/14,100.0,100.0,99.0,46.0,47.0,47.0,47.0,74.0,100.0,105.0,151.0,186.0,186.0,185.0,186.0,186.0,87.0,47.0,124.0,148.0,148.0,147.0,147.0,147.0,,"2,840.0"
HE ANGOSTURA,ANGOSTURA,Hidráulica,Pasada,Región del Bío-Bío,convencional,0,5/23/14,122.0,66.0,40.0,41.0,40.0,40.0,40.0,90.0,100.0,120.0,140.0,140.0,140.0,140.0,140.0,140.0,141.0,140.0,140.0,140.0,140.0,140.0,141.0,116.0,,"2,637.0"
HE ANGOSTURA,ANGOSTURA,Hidráulica,Pasada,Región del Bío-Bío,convencional,0,5/24/14,88.0,45.0,40.0,40.0,41.0,40.0,41.0,41.0,40.0,41.0,76.0,111.0,115.0,131.0,129.0,130.0,130.0,130.0,130.0,130.0,130.0,130.0,130.0,131.0,,"2,190.0"
HE ANGOSTURA,ANGOSTURA,Hidráulica,Pasada,Región del Bío-Bío,convencional,0,5/25/14,94.0,52.0,41.0,41.0,41.0,41.0,41.0,41.0,41.0,41.0,65.0,100.0,101.0,100.0,100.0,101.0,100.0,107.0,140.0,140.0,140.0,140.0,127.0,94.0,,"2,029.0"
HE ANGOSTURA,ANGOSTURA,Hidráulica,Pasada,Región del Bío-Bío,convencional,0,5/26/14,45.0,39.0,38.0,38.0,37.0,38.0,38.0,38.0,38.0,75.0,101.0,100.0,125.0,140.0,141.0,140.0,140.0,140.0,140.0,140.0,140.0,140.0,140.0,141.0,,"2,292.0"
HE ANGOSTURA,ANGOSTURA,Hidráulica,Pasada,Región del Bío-Bío,convencional,0,5/27/14,140.0,141.0,47.0,41.0,41.0,40.0,40.0,99.0,132.0,130.0,26.0,103.0,130.0,130.0,130.0,130.0,130.0,48.0,112.0,140.0,140.0,139.0,150.0,185.0,,"2,544.0"
HE ANGOSTURA,ANGOSTURA,Hidráulica,Pasada,Región del Bío-Bío,convencional,0,5/28/14,187.0,162.0,55.0,39.0,40.0,40.0,39.0,39.0,40.0,39.0,39.0,40.0,40.0,39.0,39.0,39.0,86.0,120.0,121.0,121.0,121.0,120.0,124.0,214.0,,"1,943.0"
HE ANGOSTURA,ANGOSTURA,Hidráulica,Pasada,Región del Bío-Bío,convencional,0,5/29/14,179.0,72.0,59.0,41.0,41.0,39.0,40.0,41.0,40.0,107.0,137.0,159.0,198.0,205.0,200.0,200.0,201.0,201.0,201.0,201.0,201.0,201.0,127.0,82.0,,"3,173.0"
HE ANGOSTURA,ANGOSTURA,Hidráulica,Pasada,Región del Bío-Bío,convencional,0,5/30/14,83.0,43.0,42.0,40.0,40.0,40.0,42.0,40.0,43.0,57.0,123.0,139.0,141.0,141.0,139.0,139.0,140.0,96.0,90.0,139.0,140.0,140.0,140.0,140.0,,"2,317.0"
HE ANGOSTURA,ANGOSTURA,Hidráulica,Pasada,Región del Bío-Bío,convencional,0,5/31/14,140.0,140.0,105.0,54.0,40.0,40.0,41.0,41.0,41.0,41.0,96.0,101.0,101.0,100.0,111.0,140.0,140.0,140.0,139.0,140.0,140.0,162.0,186.0,186.0,,"2,565.0"
HE ANGOSTURA,ANGOSTURA,Hidráulica,Pasada,Región del Bío-Bío,convencional,0,6/1/14,186.0,186.0,109.0,46.0,44.0,40.0,41.0,41.0,40.0,41.0,55.0,101.0,101.0,101.0,101.0,101.0,101.0,100.0,129.0,171.0,226.0,281.0,257.0,180.0,,"2,779.0"
HE ANGOSTURA,ANGOSTURA,Hidráulica,Pasada,Región del Bío-Bío,convencional,0,6/2/14,132.0,100.0,95.0,69.0,40.0,41.0,41.0,41.0,77.0,120.0,120.0,120.0,121.0,121.0,121.0,120.0,120.0,120.0,160.0,187.0,186.0,186.0,180.0,140.0,,"2,758.0"
HE ANGOSTURA,ANGOSTURA,Hidráulica,Pasada,Región del Bío-Bío,convencional,0,6/3/14,88.0,60.0,40.0,40.0,40.0,40.0,40.0,74.0,114.0,145.0,250.0,298.0,253.0,185.0,190.0,177.0,172.0,172.0,176.0,211.0,271.0,263.0,142.0,128.0,,"3,569.0"
HE ANGOSTURA,ANGOSTURA,Hidráulica,Pasada,Región del Bío-Bío,convencional,0,6/4/14,86.0,75.0,40.0,40.0,43.0,48.0,140.0,200.0,230.0,231.0,230.0,230.0,230.0,231.0,232.0,232.0,231.0,229.0,232.0,230.0,231.0,193.0,153.0,72.0,,"4,089.0"
HE ANGOSTURA,ANGOSTURA,Hidráulica,Pasada,Región del Bío-Bío,convencional,0,6/5/14,39.0,40.0,41.0,41.0,41.0,42.0,150.0,181.0,182.0,182.0,181.0,182.0,225.0,227.0,252.0,279.0,281.0,281.0,214.0,187.0,186.0,186.0,186.0,186.0,,"3,992.0"
HE ANGOSTURA,ANGOSTURA,Hidráulica,Pasada,Región del Bío-Bío,convencional,0,6/6/14,160.0,110.0,106.0,140.0,96.0,40.0,76.0,148.0,158.0,161.0,198.0,280.0,279.0,261.0,215.0,105.0,71.0,59.0,42.0,47.0,47.0,47.0,49.0,46.0,,"2,941.0"
HE ANGOSTURA,ANGOSTURA,Hidráulica,Pasada,Región del Bío-Bío,convencional,0,6/7/14,47.0,47.0,95.0,103.0,154.0,180.0,182.0,180.0,180.0,177.0,216.0,280.0,279.0,237.0,201.0,201.0,201.0,200.0,201.0,260.0,281.0,280.0,181.0,138.0,,"4,501.0"
HE ANGOSTURA,ANGOSTURA,Hidráulica,Pasada,Región del Bío-Bío,convencional,0,6/8/14,47.0,46.0,46.0,47.0,47.0,70.0,126.0,207.0,154.0,219.0,200.0,200.0,201.0,202.0,203.0,155.0,72.0,70.0,71.0,161.0,213.0,212.0,210.0,208.0,,"3,387.0"
HE ANGOSTURA,ANGOSTURA,Hidráulica,Pasada,Región del Bío-Bío,convencional,0,6/9/14,215.0,175.0,99.0,44.0,47.0,46.0,111.0,201.0,216.0,272.0,279.0,276.0,278.0,282.0,280.0,177.0,88.0,70.0,70.0,76.0,181.0,260.0,281.0,282.0,,"4,306.0"
HE ANGOSTURA,ANGOSTURA,Hidráulica,Pasada,Región del Bío-Bío,convencional,0,6/10/14,254.0,141.0,69.0,46.0,47.0,47.0,47.0,129.0,187.0,256.0,282.0,282.0,283.0,251.0,180.0,133.0,110.0,82.0,132.0,244.0,282.0,282.0,282.0,278.0,,"4,326.0"
HE ANGOSTURA,ANGOSTURA,Hidráulica,Pasada,Región del Bío-Bío,convencional,0,6/11/14,178.0,141.0,101.0,101.0,101.0,138.0,262.0,301.0,323.0,320.0,325.0,324.0,322.0,322.0,326.0,325.0,325.0,325.0,324.0,324.0,323.0,321.0,321.0,322.0,,"6,495.0"
HE ANGOSTURA,ANGOSTURA,Hidráulica,Pasada,Región del Bío-Bío,convencional,0,6/12/14,321.0,288.0,199.0,198.0,192.0,160.0,177.0,177.0,201.0,241.0,305.0,323.0,323.0,323.0,323.0,323.0,302.0,279.0,261.0,245.0,270.0,270.0,238.0,200.0,,"6,139.0"
HE ANGOSTURA,ANGOSTURA,Hidráulica,Pasada,Región del Bío-Bío,convencional,0,6/13/14,200.0,200.0,168.0,132.0,118.0,80.0,81.0,98.0,149.0,298.0,324.0,324.0,301.0,207.0,207.0,207.0,203.0,200.0,200.0,199.0,157.0,100.0,100.0,101.0,,"4,354.0"
HE ANGOSTURA,ANGOSTURA,Hidráulica,Pasada,Región del Bío-Bío,convencional,0,6/14/14,101.0,101.0,69.0,60.0,61.0,61.0,73.0,136.0,247.0,281.0,279.0,233.0,93.0,152.0,220.0,220.0,220.0,220.0,284.0,320.0,322.0,322.0,318.0,316.0,,"4,709.0"
HE ANGOSTURA,ANGOSTURA,Hidráulica,Pasada,Región del Bío-Bío,convencional,0,6/15/14,320.0,320.0,303.0,299.0,321.0,325.0,323.0,317.0,301.0,299.0,294.0,320.0,318.0,315.0,318.0,323.0,324.0,324.0,324.0,323.0,323.0,324.0,323.0,324.0,,"7,605.0"
HE ANGOSTURA,ANGOSTURA,Hidráulica,Pasada,Región del Bío-Bío,convencional,0,6/16/14,324.0,293.0,280.0,280.0,247.0,253.0,242.0,241.0,296.0,322.0,319.0,324.0,324.0,323.0,323.0,323.0,323.0,323.0,325.0,323.0,323.0,321.0,319.0,287.0,,"7,258.0"
HE ANGOSTURA,ANGOSTURA,Hidráulica,Pasada,Región del Bío-Bío,convencional,0,6/17/14,240.0,217.0,223.0,242.0,159.0,107.0,119.0,113.0,113.0,91.0,104.0,113.0,112.0,101.0,140.0,144.0,192.0,203.0,267.0,278.0,287.0,321.0,320.0,271.0,,"4,477.0"
HE ANGOSTURA,ANGOSTURA,Hidráulica,Pasada,Región del Bío-Bío,convencional,0,6/18/14,282.0,266.0,201.0,138.0,101.0,101.0,101.0,101.0,153.0,200.0,217.0,250.0,291.0,320.0,270.0,156.0,93.0,135.0,140.0,146.0,233.0,250.0,238.0,231.0,,"4,614.0"
HE ANGOSTURA,ANGOSTURA,Hidráulica,Pasada,Región del Bío-Bío,convencional,0,6/19/14,248.0,134.0,101.0,100.0,82.0,81.0,92.0,160.0,236.0,280.0,280.0,280.0,281.0,258.0,242.0,240.0,240.0,212.0,200.0,201.0,255.0,273.0,217.0,201.0,,"4,894.0"
HE ANGOSTURA,ANGOSTURA,Hidráulica,Pasada,Región del Bío-Bío,convencional,0,6/20/14,202.0,90.0,80.0,80.0,80.0,80.0,80.0,131.0,150.0,212.0,254.0,260.0,263.0,260.0,260.0,259.0,261.0,260.0,261.0,260.0,262.0,264.0,264.0,259.0,,"4,832.0"
HE ANGOSTURA,ANGOSTURA,Hidráulica,Pasada,Región del Bío-Bío,convencional,0,6/21/14,231.0,201.0,120.0,100.0,100.0,100.0,100.0,100.0,100.0,121.0,192.0,208.0,265.0,280.0,280.0,280.0,280.0,244.0,240.0,239.0,241.0,256.0,259.0,240.0,,"4,777.0"
HE ANGOSTURA,ANGOSTURA,Hidráulica,Pasada,Región del Bío-Bío,convencional,0,6/22/14,165.0,84.0,42.0,42.0,42.0,42.0,42.0,44.0,72.0,126.0,210.0,287.0,307.0,252.0,204.0,201.0,198.0,205.0,264.0,306.0,319.0,321.0,320.0,320.0,,"4,415.0"
HE ANGOSTURA,ANGOSTURA,Hidráulica,Pasada,Región del Bío-Bío,convencional,0,6/23/14,322.0,261.0,116.0,99.0,100.0,100.0,162.0,310.0,319.0,324.0,324.0,322.0,251.0,247.0,269.0,300.0,299.0,301.0,317.0,322.0,320.0,322.0,314.0,240.0,,"6,261.0"
HE ANGOSTURA,ANGOSTURA,Hidráulica,Pasada,Región del Bío-Bío,convencional,0,6/24/14,205.0,193.0,180.0,180.0,102.0,60.0,100.0,247.0,323.0,323.0,323.0,323.0,324.0,293.0,278.0,280.0,280.0,258.0,242.0,241.0,269.0,279.0,282.0,280.0,,"5,865.0"
HE ANGOSTURA,ANGOSTURA,Hidráulica,Pasada,Región del Bío-Bío,convencional,0,6/25/14,280.0,254.0,200.0,145.0,115.0,100.0,145.0,260.0,274.0,318.0,323.0,323.0,293.0,312.0,324.0,323.0,320.0,308.0,286.0,307.0,319.0,321.0,308.0,273.0,,"6,431.0"
HE ANGOSTURA,ANGOSTURA,Hidráulica,Pasada,Región del Bío-Bío,convencional,0,6/26/14,162.0,75.0,60.0,60.0,60.0,63.0,180.0,270.0,280.0,280.0,300.0,322.0,321.0,317.0,299.0,231.0,215.0,201.0,201.0,201.0,201.0,201.0,201.0,201.0,,"4,902.0"
HE ANGOSTURA,ANGOSTURA,Hidráulica,Pasada,Región del Bío-Bío,convencional,0,6/27/14,201.0,201.0,176.0,142.0,140.0,140.0,177.0,250.0,260.0,265.0,300.0,300.0,300.0,301.0,298.0,301.0,292.0,220.0,220.0,222.0,206.0,202.0,184.0,174.0,,"5,472.0"
HE ANGOSTURA,ANGOSTURA,Hidráulica,Pasada,Región del Bío-Bío,convencional,0,6/28/14,200.0,164.0,161.0,135.0,99.0,60.0,60.0,60.0,60.0,150.0,253.0,280.0,254.0,226.0,183.0,180.0,190.0,154.0,130.0,130.0,130.0,130.0,204.0,278.0,,"3,871.0"
HE ANGOSTURA,ANGOSTURA,Hidráulica,Pasada,Región del Bío-Bío,convencional,0,6/29/14,280.0,236.0,184.0,119.0,101.0,91.0,79.0,49.0,41.0,41.0,131.0,203.0,200.0,202.0,201.0,201.0,202.0,201.0,201.0,204.0,266.0,280.0,282.0,269.0,,"4,264.0"
HE ANGOSTURA,ANGOSTURA,Hidráulica,Pasada,Región del Bío-Bío,convencional,0,6/30/14,201.0,95.0,80.0,81.0,80.0,80.0,113.0,201.0,200.0,202.0,239.0,272.0,280.0,282.0,281.0,280.0,280.0,278.0,279.0,280.0,267.0,229.0,135.0,100.0,,"4,815.0"
HE ANGOSTURA,ANGOSTURA,Hidráulica,Pasada,Región del Bío-Bío,convencional,0,7/1/14,96.0,81.0,68.0,57.0,60.0,61.0,61.0,61.0,60.0,61.0,93.0,178.0,201.0,200.0,200.0,201.0,201.0,201.0,251.0,280.0,280.0,280.0,242.0,238.0,,"3,712.0"
HE ANGOSTURA,ANGOSTURA,Hidráulica,Pasada,Región del Bío-Bío,convencional,0,7/2/14,188.0,118.0,80.0,79.0,64.0,61.0,60.0,60.0,131.0,140.0,140.0,140.0,140.0,139.0,165.0,200.0,201.0,200.0,200.0,200.0,200.0,200.0,190.0,149.0,,"3,445.0"
HE ANGOSTURA,ANGOSTURA,Hidráulica,Pasada,Región del Bío-Bío,convencional,0,7/3/14,117.0,47.0,58.0,72.0,70.0,70.0,70.0,95.0,101.0,180.0,237.0,242.0,241.0,240.0,245.0,240.0,240.0,232.0,202.0,204.0,202.0,204.0,174.0,170.0,,"3,953.0"
HE ANGOSTURA,ANGOSTURA,Hidráulica,Pasada,Región del Bío-Bío,convencional,0,7/4/14,170.0,78.0,71.0,71.0,71.0,71.0,72.0,124.0,154.0,182.0,181.0,181.0,206.0,239.0,250.0,280.0,275.0,239.0,243.0,280.0,280.0,280.0,279.0,232.0,,"4,509.0"
HE ANGOSTURA,ANGOSTURA,Hidráulica,Pasada,Región del Bío-Bío,convencional,0,7/5/14,222.0,182.0,126.0,71.0,71.0,88.0,125.0,136.0,141.0,140.0,140.0,140.0,180.0,180.0,180.0,180.0,143.0,141.0,169.0,142.0,177.0,240.0,273.0,255.0,,"3,842.0"
HE ANGOSTURA,ANGOSTURA,Hidráulica,Pasada,Región del Bío-Bío,convencional,0,7/6/14,217.0,104.0,80.0,53.0,47.0,47.0,47.0,47.0,52.0,87.0,119.0,121.0,120.0,120.0,120.0,121.0,81.0,80.0,188.0,280.0,279.0,273.0,228.0,211.0,,"3,122.0"
HE ANGOSTURA,ANGOSTURA,Hidráulica,Pasada,Región del Bío-Bío,convencional,0,7/7/14,142.0,80.0,73.0,70.0,70.0,70.0,70.0,110.0,131.0,190.0,220.0,221.0,212.0,180.0,127.0,119.0,80.0,80.0,113.0,145.0,182.0,208.0,252.0,262.0,,"3,407.0"
HE ANGOSTURA,ANGOSTURA,Hidráulica,Pasada,Región del Bío-Bío,convencional,0,7/8/14,222.0,145.0,86.0,80.0,80.0,80.0,83.0,140.0,201.0,200.0,202.0,200.0,200.0,201.0,201.0,115.0,80.0,80.0,80.0,156.0,160.0,131.0,130.0,130.0,,"3,383.0"
HE ANGOSTURA,ANGOSTURA,Hidráulica,Pasada,Región del Bío-Bío,convencional,0,7/9/14,96.0,50.0,41.0,41.0,40.0,40.0,72.0,110.0,182.0,224.0,282.0,257.0,144.0,100.0,100.0,100.0,122.0,206.0,266.0,278.0,279.0,231.0,135.0,120.0,,"3,516.0"
HE ANGOSTURA,ANGOSTURA,Hidráulica,Pasada,Región del Bío-Bío,convencional,0,7/10/14,120.0,106.0,96.0,80.0,80.0,92.0,123.0,161.0,161.0,162.0,161.0,163.0,164.0,161.0,164.0,161.0,149.0,124.0,120.0,121.0,121.0,122.0,121.0,124.0,,"3,157.0"
HE ANGOSTURA,ANGOSTURA,Hidráulica,Pasada,Región del Bío-Bío,convencional,0,7/11/14,128.0,140.0,140.0,140.0,120.0,72.0,80.0,120.0,140.0,140.0,168.0,201.0,221.0,222.0,220.0,230.0,261.0,260.0,149.0,100.0,100.0,100.0,100.0,130.0,,"3,682.0"
HE ANGOSTURA,ANGOSTURA,Hidráulica,Pasada,Región del Bío-Bío,convencional,0,7/12/14,140.0,140.0,117.0,70.0,70.0,70.0,76.0,76.0,97.0,126.0,167.0,203.0,201.0,171.0,150.0,134.0,82.0,80.0,127.0,141.0,140.0,141.0,137.0,100.0,,"2,956.0"
HE ANGOSTURA,ANGOSTURA,Hidráulica,Pasada,Región del Bío-Bío,convencional,0,7/13/14,91.0,70.0,70.0,70.0,70.0,87.0,140.0,128.0,91.0,179.0,244.0,188.0,160.0,162.0,124.0,121.0,88.0,81.0,142.0,296.0,320.0,288.0,194.0,142.0,,"3,546.0"
HE ANGOSTURA,ANGOSTURA,Hidráulica,Pasada,Región del Bío-Bío,convencional,0,7/14/14,129.0,70.0,70.0,69.0,109.0,72.0,118.0,107.0,120.0,180.0,201.0,204.0,204.0,202.0,203.0,203.0,203.0,202.0,227.0,241.0,212.0,201.0,201.0,194.0,,"3,942.0"
HE ANGOSTURA,ANGOSTURA,Hidráulica,Pasada,Región del Bío-Bío,convencional,0,7/15/14,134.0,57.0,41.0,41.0,40.0,73.0,137.0,220.0,226.0,263.0,269.0,268.0,258.0,243.0,240.0,240.0,240.0,238.0,180.0,180.0,181.0,181.0,181.0,134.0,,"4,265.0"
HE ANGOSTURA,ANGOSTURA,Hidráulica,Pasada,Región del Bío-Bío,convencional,0,7/16/14,80.0,79.0,77.0,80.0,116.0,145.0,164.0,230.0,196.0,212.0,199.0,201.0,202.0,200.0,201.0,188.0,160.0,130.0,140.0,140.0,140.0,182.0,200.0,201.0,,"3,863.0"
HE ANGOSTURA,ANGOSTURA,Hidráulica,Pasada,Región del Bío-Bío,convencional,0,7/17/14,188.0,216.0,168.0,172.0,189.0,176.0,119.0,99.0,150.0,233.0,247.0,250.0,239.0,192.0,192.0,192.0,191.0,164.0,173.0,160.0,200.0,201.0,202.0,201.0,,"4,514.0"
HE ANGOSTURA,ANGOSTURA,Hidráulica,Pasada,Región del Bío-Bío,convencional,0,7/18/14,154.0,86.0,101.0,102.0,76.0,61.0,60.0,119.0,169.0,180.0,180.0,181.0,182.0,183.0,183.0,156.0,170.0,166.0,168.0,180.0,180.0,180.0,180.0,181.0,,"3,578.0"
HE ANGOSTURA,ANGOSTURA,Hidráulica,Pasada,Región del Bío-Bío,convencional,0,7/19/14,181.0,180.0,174.0,182.0,182.0,165.0,124.0,96.0,77.0,80.0,118.0,120.0,145.0,181.0,180.0,180.0,180.0,124.0,207.0,250.0,144.0,100.0,101.0,133.0,,"3,604.0"
HE ANGOSTURA,ANGOSTURA,Hidráulica,Pasada,Región del Bío-Bío,convencional,0,7/20/14,220.0,198.0,137.0,127.0,121.0,121.0,140.0,117.0,81.0,81.0,97.0,237.0,213.0,140.0,140.0,163.0,198.0,276.0,319.0,318.0,318.0,298.0,262.0,43.0,,"4,365.0"
HE ANGOSTURA,ANGOSTURA,Hidráulica,Pasada,Región del Bío-Bío,convencional,0,7/21/14,0.0,0.0,0.0,0.0,0.0,45.0,223.0,243.0,243.0,240.0,241.0,241.0,243.0,278.0,280.0,313.0,320.0,306.0,287.0,321.0,319.0,319.0,318.0,312.0,,"5,092.0"
HE ANGOSTURA,ANGOSTURA,Hidráulica,Pasada,Región del Bío-Bío,convencional,0,7/22/14,224.0,200.0,123.0,81.0,67.0,41.0,79.0,136.0,178.0,179.0,207.0,220.0,217.0,237.0,256.0,281.0,323.0,268.0,262.0,316.0,252.0,217.0,181.0,180.0,,"4,725.0"
HE ANGOSTURA,ANGOSTURA,Hidráulica,Pasada,Región del Bío-Bío,convencional,0,7/23/14,157.0,80.0,80.0,80.0,79.0,80.0,91.0,165.0,165.0,180.0,194.0,200.0,200.0,198.0,200.0,202.0,200.0,147.0,142.0,203.0,228.0,240.0,240.0,240.0,,"3,991.0"
HE ANGOSTURA,ANGOSTURA,Hidráulica,Pasada,Región del Bío-Bío,convencional,0,7/24/14,194.0,128.0,81.0,41.0,40.0,41.0,118.0,141.0,152.0,180.0,180.0,180.0,152.0,140.0,140.0,141.0,182.0,181.0,221.0,262.0,278.0,280.0,264.0,202.0,,"3,919.0"
HE ANGOSTURA,ANGOSTURA,Hidráulica,Pasada,Región del Bío-Bío,convencional,0,7/25/14,181.0,92.0,70.0,70.0,70.0,73.0,122.0,140.0,151.0,181.0,181.0,181.0,181.0,181.0,180.0,181.0,182.0,180.0,187.0,220.0,222.0,220.0,198.0,181.0,,"3,825.0"
HE ANGOSTURA,ANGOSTURA,Hidráulica,Pasada,Región del Bío-Bío,convencional,0,7/26/14,90.0,170.0,161.0,161.0,161.0,161.0,155.0,140.0,140.0,140.0,174.0,198.0,250.0,258.0,257.0,261.0,226.0,184.0,181.0,180.0,181.0,180.0,180.0,190.0,,"4,379.0"
HE ANGOSTURA,ANGOSTURA,Hidráulica,Pasada,Región del Bío-Bío,convencional,0,7/27/14,191.0,160.0,124.0,100.0,101.0,100.0,115.0,170.0,190.0,220.0,220.0,206.0,164.0,165.0,181.0,217.0,284.0,320.0,322.0,319.0,321.0,320.0,318.0,321.0,,"5,149.0"
HE ANGOSTURA,ANGOSTURA,Hidráulica,Pasada,Región del Bío-Bío,convencional,0,7/28/14,323.0,322.0,322.0,323.0,323.0,321.0,311.0,301.0,298.0,296.0,299.0,292.0,289.0,283.0,285.0,296.0,307.0,308.0,301.0,301.0,315.0,315.0,310.0,306.0,,"7,347.0"
HE ANGOSTURA,ANGOSTURA,Hidráulica,Pasada,Región del Bío-Bío,convencional,0,7/29/14,305.0,311.0,312.0,320.0,313.0,312.0,312.0,312.0,300.0,296.0,300.0,300.0,302.0,303.0,302.0,306.0,306.0,301.0,303.0,307.0,318.0,314.0,312.0,313.0,,"7,380.0"
HE ANGOSTURA,ANGOSTURA,Hidráulica,Pasada,Región del Bío-Bío,convencional,0,7/30/14,312.0,312.0,311.0,312.0,315.0,321.0,319.0,323.0,322.0,319.0,322.0,322.0,321.0,323.0,325.0,322.0,322.0,304.0,303.0,323.0,318.0,325.0,321.0,320.0,,"7,637.0"
HE ANGOSTURA,ANGOSTURA,Hidráulica,Pasada,Región del Bío-Bío,convencional,0,7/31/14,320.0,291.0,279.0,280.0,280.0,279.0,279.0,279.0,297.0,321.0,317.0,318.0,321.0,322.0,322.0,322.0,326.0,324.0,315.0,319.0,315.0,314.0,312.0,307.0,,"7,359.0"
HE ANGOSTURA,ANGOSTURA,Hidráulica,Pasada,Región del Bío-Bío,convencional,0,8/1/14,307.0,311.0,299.0,301.0,300.0,302.0,300.0,304.0,297.0,295.0,297.0,297.0,301.0,300.0,299.0,299.0,305.0,308.0,308.0,307.0,305.0,306.0,307.0,300.0,,"7,255.0"
HE ANGOSTURA,ANGOSTURA,Hidráulica,Pasada,Región del Bío-Bío,convencional,0,8/2/14,299.0,300.0,299.0,296.0,291.0,286.0,286.0,287.0,280.0,277.0,275.0,274.0,282.0,288.0,287.0,288.0,288.0,297.0,294.0,296.0,297.0,299.0,299.0,299.0,,"6,964.0"
HE ANGOSTURA,ANGOSTURA,Hidráulica,Pasada,Región del Bío-Bío,convencional,0,8/3/14,300.0,299.0,298.0,291.0,293.0,295.0,295.0,295.0,299.0,295.0,296.0,297.0,297.0,296.0,298.0,296.0,296.0,297.0,303.0,304.0,302.0,302.0,305.0,307.0,,"7,156.0"
HE ANGOSTURA,ANGOSTURA,Hidráulica,Pasada,Región del Bío-Bío,convencional,0,8/4/14,306.0,308.0,305.0,306.0,311.0,318.0,315.0,307.0,320.0,320.0,322.0,312.0,312.0,315.0,314.0,310.0,308.0,311.0,314.0,316.0,316.0,315.0,314.0,311.0,,"7,506.0"
HE ANGOSTURA,ANGOSTURA,Hidráulica,Pasada,Región del Bío-Bío,convencional,0,8/5/14,310.0,310.0,316.0,314.0,318.0,318.0,321.0,322.0,323.0,323.0,318.0,306.0,300.0,302.0,303.0,308.0,309.0,310.0,308.0,312.0,317.0,320.0,312.0,309.0,,"7,509.0"
HE ANGOSTURA,ANGOSTURA,Hidráulica,Pasada,Región del Bío-Bío,convencional,0,8/6/14,310.0,312.0,307.0,307.0,308.0,307.0,316.0,315.0,314.0,308.0,310.0,306.0,304.0,300.0,293.0,293.0,286.0,287.0,292.0,293.0,294.0,295.0,293.0,292.0,,"7,242.0"
HE ANGOSTURA,ANGOSTURA,Hidráulica,Pasada,Región del Bío-Bío,convencional,0,8/7/14,293.0,289.0,296.0,298.0,292.0,295.0,297.0,292.0,299.0,295.0,292.0,296.0,300.0,305.0,309.0,306.0,296.0,297.0,299.0,299.0,302.0,302.0,301.0,305.0,,"7,155.0"
HE ANGOSTURA,ANGOSTURA,Hidráulica,Pasada,Región del Bío-Bío,convencional,0,8/8/14,301.0,302.0,304.0,305.0,293.0,290.0,302.0,305.0,304.0,304.0,301.0,305.0,302.0,302.0,302.0,307.0,308.0,308.0,312.0,315.0,316.0,314.0,308.0,308.0,,"7,318.0"
HE ANGOSTURA,ANGOSTURA,Hidráulica,Pasada,Región del Bío-Bío,convencional,0,8/9/14,306.0,306.0,307.0,308.0,308.0,308.0,310.0,308.0,309.0,309.0,309.0,308.0,312.0,314.0,316.0,312.0,311.0,309.0,309.0,315.0,314.0,312.0,307.0,308.0,,"7,435.0"
HE ANGOSTURA,ANGOSTURA,Hidráulica,Pasada,Región del Bío-Bío,convencional,0,8/10/14,310.0,309.0,293.0,308.0,309.0,168.0,114.0,111.0,106.0,118.0,128.0,134.0,137.0,136.0,137.0,122.0,125.0,130.0,256.0,312.0,315.0,310.0,312.0,313.0,,"5,013.0"
HE ANGOSTURA,ANGOSTURA,Hidráulica,Pasada,Región del Bío-Bío,convencional,0,8/11/14,318.0,318.0,319.0,319.0,319.0,320.0,320.0,319.0,319.0,320.0,319.0,320.0,320.0,321.0,322.0,323.0,323.0,317.0,315.0,319.0,320.0,320.0,320.0,320.0,,"7,670.0"
HE ANGOSTURA,ANGOSTURA,Hidráulica,Pasada,Región del Bío-Bío,convencional,0,8/12/14,319.0,320.0,320.0,320.0,320.0,320.0,320.0,319.0,320.0,319.0,319.0,319.0,320.0,319.0,320.0,320.0,318.0,321.0,319.0,319.0,319.0,320.0,318.0,319.0,,"7,667.0"
HE ANGOSTURA,ANGOSTURA,Hidráulica,Pasada,Región del Bío-Bío,convencional,0,8/13/14,320.0,319.0,318.0,318.0,318.0,318.0,318.0,318.0,318.0,317.0,317.0,316.0,316.0,314.0,316.0,317.0,305.0,154.0,171.0,323.0,322.0,322.0,309.0,323.0,,"7,307.0"
HE ANGOSTURA,ANGOSTURA,Hidráulica,Pasada,Región del Bío-Bío,convencional,0,8/14/14,322.0,321.0,320.0,319.0,320.0,319.0,319.0,320.0,302.0,292.0,294.0,295.0,289.0,283.0,284.0,281.0,285.0,188.0,157.0,317.0,321.0,323.0,323.0,321.0,,"7,115.0"
HE ANGOSTURA,ANGOSTURA,Hidráulica,Pasada,Región del Bío-Bío,convencional,0,8/15/14,321.0,320.0,321.0,319.0,317.0,291.0,278.0,209.0,237.0,278.0,279.0,280.0,280.0,302.0,304.0,302.0,305.0,304.0,307.0,321.0,320.0,320.0,319.0,321.0,,"7,155.0"
HE ANGOSTURA,ANGOSTURA,Hidráulica,Pasada,Región del Bío-Bío,convencional,0,8/16/14,232.0,100.0,66.0,40.0,41.0,112.0,131.0,102.0,102.0,101.0,174.0,294.0,303.0,303.0,303.0,304.0,297.0,248.0,276.0,320.0,318.0,320.0,318.0,317.0,,"5,122.0"
HE ANGOSTURA,ANGOSTURA,Hidráulica,Pasada,Región del Bío-Bío,convencional,0,8/17/14,317.0,299.0,199.0,42.0,41.0,85.0,119.0,130.0,151.0,161.0,162.0,144.0,101.0,98.0,60.0,40.0,63.0,240.0,308.0,320.0,324.0,324.0,322.0,288.0,,"4,338.0"
HE ANGOSTURA,ANGOSTURA,Hidráulica,Pasada,Región del Bío-Bío,convencional,0,8/18/14,281.0,308.0,312.0,286.0,279.0,281.0,294.0,324.0,324.0,323.0,322.0,323.0,322.0,322.0,322.0,321.0,322.0,302.0,270.0,319.0,321.0,321.0,286.0,278.0,,"7,363.0"
HE ANGOSTURA,ANGOSTURA,Hidráulica,Pasada,Región del Bío-Bío,convencional,0,8/19/14,280.0,275.0,249.0,251.0,252.0,250.0,278.0,319.0,321.0,322.0,324.0,320.0,320.0,323.0,321.0,321.0,319.0,254.0,277.0,315.0,324.0,320.0,318.0,319.0,,"7,172.0"
HE ANGOSTURA,ANGOSTURA,Hidráulica,Pasada,Región del Bío-Bío,convencional,0,8/20/14,321.0,283.0,278.0,276.0,252.0,249.0,262.0,278.0,279.0,309.0,317.0,317.0,319.0,321.0,319.0,319.0,317.0,282.0,250.0,277.0,277.0,277.0,277.0,280.0,,"6,936.0"
HE ANGOSTURA,ANGOSTURA,Hidráulica,Pasada,Región del Bío-Bío,convencional,0,8/21/14,277.0,278.0,277.0,278.0,277.0,278.0,278.0,278.0,278.0,278.0,277.0,278.0,277.0,277.0,277.0,277.0,277.0,244.0,225.0,250.0,278.0,278.0,278.0,276.0,,"6,546.0"
HE ANGOSTURA,ANGOSTURA,Hidráulica,Pasada,Región del Bío-Bío,convencional,0,8/22/14,278.0,278.0,278.0,279.0,279.0,279.0,304.0,319.0,319.0,319.0,319.0,317.0,318.0,317.0,316.0,315.0,286.0,270.0,270.0,276.0,276.0,276.0,276.0,275.0,,"7,039.0"
HE ANGOSTURA,ANGOSTURA,Hidráulica,Pasada,Región del Bío-Bío,convencional,0,8/23/14,276.0,276.0,276.0,276.0,278.0,295.0,314.0,315.0,237.0,180.0,182.0,182.0,184.0,185.0,186.0,186.0,185.0,182.0,188.0,320.0,322.0,321.0,321.0,319.0,,"5,986.0"
HE ANGOSTURA,ANGOSTURA,Hidráulica,Pasada,Región del Bío-Bío,convencional,0,8/24/14,318.0,316.0,301.0,245.0,219.0,155.0,139.0,140.0,206.0,284.0,322.0,322.0,321.0,313.0,303.0,303.0,303.0,303.0,314.0,320.0,320.0,318.0,318.0,273.0,,"6,676.0"
HE ANGOSTURA,ANGOSTURA,Hidráulica,Pasada,Región del Bío-Bío,convencional,0,8/25/14,233.0,190.0,129.0,72.0,102.0,276.0,323.0,286.0,302.0,252.0,188.0,198.0,250.0,283.0,302.0,283.0,127.0,197.0,206.0,183.0,183.0,269.0,323.0,323.0,,"5,480.0"
HE ANGOSTURA,ANGOSTURA,Hidráulica,Pasada,Región del Bío-Bío,convencional,0,8/26/14,324.0,283.0,255.0,240.0,240.0,240.0,252.0,279.0,286.0,321.0,323.0,322.0,321.0,322.0,322.0,323.0,294.0,186.0,186.0,210.0,321.0,321.0,322.0,322.0,,"6,815.0"
HE ANGOSTURA,ANGOSTURA,Hidráulica,Pasada,Región del Bío-Bío,convencional,0,8/27/14,321.0,290.0,245.0,228.0,204.0,203.0,219.0,277.0,280.0,278.0,280.0,282.0,280.0,280.0,281.0,281.0,280.0,279.0,282.0,300.0,324.0,320.0,321.0,319.0,,"6,654.0"
HE ANGOSTURA,ANGOSTURA,Hidráulica,Pasada,Región del Bío-Bío,convencional,0,8/28/14,319.0,280.0,221.0,172.0,137.0,121.0,199.0,323.0,302.0,280.0,290.0,301.0,202.0,170.0,252.0,322.0,103.0,269.0,278.0,290.0,324.0,326.0,326.0,323.0,,"6,130.0"
HE ANGOSTURA,ANGOSTURA,Hidráulica,Pasada,Región del Bío-Bío,convencional,0,8/29/14,325.0,304.0,233.0,230.0,230.0,230.0,259.0,280.0,280.0,280.0,280.0,280.0,281.0,280.0,282.0,279.0,247.0,203.0,232.0,319.0,325.0,324.0,322.0,322.0,,"6,627.0"
HE ANGOSTURA,ANGOSTURA,Hidráulica,Pasada,Región del Bío-Bío,convencional,0,8/30/14,323.0,298.0,260.0,262.0,260.0,260.0,260.0,260.0,192.0,186.0,187.0,187.0,187.0,188.0,187.0,198.0,188.0,187.0,204.0,280.0,300.0,326.0,326.0,326.0,,"5,832.0"
HE ANGOSTURA,ANGOSTURA,Hidráulica,Pasada,Región del Bío-Bío,convencional,0,8/31/14,326.0,287.0,241.0,227.0,220.0,220.0,220.0,220.0,244.0,220.0,227.0,200.0,200.0,200.0,201.0,264.0,286.0,326.0,326.0,328.0,328.0,326.0,323.0,326.0,,"6,286.0"
HE ANGOSTURA,ANGOSTURA,Hidráulica,Pasada,Región del Bío-Bío,convencional,0,9/1/14,325.0,325.0,323.0,322.0,323.0,324.0,320.0,300.0,172.0,147.0,190.0,245.0,261.0,180.0,182.0,197.0,312.0,154.0,186.0,186.0,185.0,184.0,185.0,185.0,,"5,713.0"
HE ANGOSTURA,ANGOSTURA,Hidráulica,Pasada,Región del Bío-Bío,convencional,0,9/2/14,184.0,185.0,185.0,185.0,184.0,185.0,188.0,188.0,187.0,187.0,187.0,187.0,186.0,186.0,184.0,185.0,185.0,184.0,185.0,185.0,184.0,184.0,185.0,185.0,,"4,450.0"
HE ANGOSTURA,ANGOSTURA,Hidráulica,Pasada,Región del Bío-Bío,convencional,0,9/3/14,188.0,188.0,187.0,186.0,185.0,186.0,186.0,185.0,186.0,185.0,186.0,186.0,186.0,187.0,186.0,187.0,186.0,185.0,185.0,305.0,325.0,326.0,326.0,326.0,,"5,144.0"
HE ANGOSTURA,ANGOSTURA,Hidráulica,Pasada,Región del Bío-Bío,convencional,0,9/4/14,328.0,326.0,326.0,326.0,327.0,327.0,326.0,326.0,326.0,325.0,326.0,326.0,325.0,325.0,326.0,326.0,326.0,314.0,295.0,325.0,325.0,325.0,325.0,265.0,,"7,717.0"
HE ANGOSTURA,ANGOSTURA,Hidráulica,Pasada,Región del Bío-Bío,convencional,0,9/5/14,200.0,201.0,239.0,240.0,260.0,278.0,297.0,323.0,238.0,8.0,47.0,139.0,283.0,330.0,328.0,330.0,329.0,328.0,328.0,329.0,328.0,327.0,325.0,324.0,,"6,359.0"
HE ANGOSTURA,ANGOSTURA,Hidráulica,Pasada,Región del Bío-Bío,convencional,0,9/6/14,323.0,301.0,301.0,284.0,282.0,282.0,281.0,280.0,282.0,330.0,325.0,326.0,327.0,323.0,325.0,325.0,326.0,322.0,323.0,324.0,314.0,301.0,299.0,281.0,,"7,387.0"
HE ANGOSTURA,ANGOSTURA,Hidráulica,Pasada,Región del Bío-Bío,convencional,0,9/7/14,0.0,286.0,282.0,281.0,284.0,281.0,284.0,284.0,282.0,282.0,283.0,286.0,282.0,284.0,284.0,284.0,284.0,284.0,284.0,281.0,320.0,328.0,328.0,329.0,,"6,687.0"
HE ANGOSTURA,ANGOSTURA,Hidráulica,Pasada,Región del Bío-Bío,convencional,0,9/8/14,328.0,330.0,329.0,330.0,330.0,330.0,329.0,330.0,325.0,328.0,325.0,324.0,327.0,328.0,327.0,328.0,330.0,330.0,330.0,330.0,330.0,330.0,330.0,330.0,,"7,888.0"
HE ANGOSTURA,ANGOSTURA,Hidráulica,Pasada,Región del Bío-Bío,convencional,0,9/9/14,330.0,331.0,330.0,330.0,330.0,328.0,328.0,327.0,327.0,327.0,325.0,328.0,326.0,327.0,328.0,327.0,325.0,325.0,327.0,328.0,325.0,326.0,328.0,325.0,,"7,858.0"
HE ANGOSTURA,ANGOSTURA,Hidráulica,Pasada,Región del Bío-Bío,convencional,0,9/10/14,325.0,326.0,325.0,326.0,325.0,323.0,296.0,328.0,327.0,323.0,328.0,326.0,327.0,323.0,325.0,326.0,320.0,221.0,151.0,151.0,198.0,214.0,250.0,283.0,,"6,967.0"
HE ANGOSTURA,ANGOSTURA,Hidráulica,Pasada,Región del Bío-Bío,convencional,0,9/11/14,290.0,261.0,273.0,301.0,302.0,302.0,302.0,328.0,328.0,328.0,328.0,325.0,326.0,328.0,326.0,326.0,322.0,280.0,270.0,262.0,313.0,325.0,325.0,306.0,,"7,377.0"
HE ANGOSTURA,ANGOSTURA,Hidráulica,Pasada,Región del Bío-Bío,convencional,0,9/12/14,276.0,266.0,262.0,262.0,261.0,262.0,274.0,319.0,323.0,321.0,323.0,324.0,314.0,282.0,282.0,280.0,282.0,280.0,284.0,286.0,320.0,325.0,326.0,323.0,,"7,057.0"
HE ANGOSTURA,ANGOSTURA,Hidráulica,Pasada,Región del Bío-Bío,convencional,0,9/13/14,310.0,263.0,265.0,264.0,265.0,265.0,265.0,265.0,264.0,265.0,265.0,265.0,263.0,262.0,267.0,266.0,274.0,286.0,284.0,310.0,328.0,325.0,328.0,324.0,,"6,738.0"
HE ANGOSTURA,ANGOSTURA,Hidráulica,Pasada,Región del Bío-Bío,convencional,0,9/14/14,323.0,285.0,248.0,174.0,123.0,121.0,115.0,101.0,101.0,100.0,100.0,101.0,120.0,177.0,194.0,201.0,204.0,220.0,247.0,294.0,328.0,329.0,307.0,281.0,,"4,794.0"
HE ANGOSTURA,ANGOSTURA,Hidráulica,Pasada,Región del Bío-Bío,convencional,0,9/15/14,257.0,225.0,223.0,223.0,223.0,224.0,264.0,282.0,286.0,285.0,284.0,285.0,284.0,286.0,285.0,285.0,285.0,284.0,285.0,284.0,285.0,283.0,285.0,282.0,,"6,474.0"
HE ANGOSTURA,ANGOSTURA,Hidráulica,Pasada,Región del Bío-Bío,convencional,0,9/16/14,234.0,144.0,122.0,120.0,121.0,127.0,226.0,262.0,276.0,331.0,326.0,326.0,325.0,327.0,309.0,282.0,312.0,256.0,181.0,206.0,276.0,284.0,281.0,286.0,,"5,940.0"
HE ANGOSTURA,ANGOSTURA,Hidráulica,Pasada,Región del Bío-Bío,convencional,0,9/17/14,222.0,144.0,142.0,143.0,142.0,143.0,174.0,288.0,328.0,328.0,328.0,327.0,327.0,326.0,325.0,322.0,221.0,182.0,182.0,186.0,296.0,328.0,326.0,325.0,,"6,055.0"
HE ANGOSTURA,ANGOSTURA,Hidráulica,Pasada,Región del Bío-Bío,convencional,0,9/18/14,295.0,209.0,200.0,200.0,202.0,202.0,201.0,202.0,202.0,265.0,286.0,285.0,285.0,284.0,242.0,220.0,222.0,222.0,222.0,220.0,228.0,280.0,280.0,282.0,,"5,736.0"
HE ANGOSTURA,ANGOSTURA,Hidráulica,Pasada,Región del Bío-Bío,convencional,0,9/19/14,268.0,201.0,147.0,117.0,101.0,100.0,101.0,138.0,139.0,228.0,243.0,258.0,258.0,262.0,262.0,263.0,206.0,200.0,202.0,202.0,202.0,201.0,201.0,202.0,,"4,702.0"
HE ANGOSTURA,ANGOSTURA,Hidráulica,Pasada,Región del Bío-Bío,convencional,0,9/20/14,201.0,202.0,190.0,120.0,96.0,81.0,81.0,81.0,100.0,172.0,239.0,282.0,286.0,285.0,278.0,281.0,210.0,204.0,204.0,203.0,203.0,203.0,203.0,204.0,,"4,609.0"
HE ANGOSTURA,ANGOSTURA,Hidráulica,Pasada,Región del Bío-Bío,convencional,0,9/21/14,202.0,203.0,160.0,142.0,141.0,111.0,103.0,101.0,102.0,134.0,253.0,284.0,284.0,283.0,280.0,282.0,218.0,202.0,170.0,201.0,308.0,313.0,263.0,153.0,,"4,893.0"
HE ANGOSTURA,ANGOSTURA,Hidráulica,Pasada,Región del Bío-Bío,convencional,0,9/22/14,143.0,143.0,143.0,143.0,119.0,101.0,100.0,102.0,134.0,263.0,284.0,284.0,285.0,282.0,281.0,282.0,282.0,215.0,182.0,183.0,238.0,263.0,262.0,264.0,,"4,978.0"
HE ANGOSTURA,ANGOSTURA,Hidráulica,Pasada,Región del Bío-Bío,convencional,0,9/23/14,264.0,262.0,242.0,201.0,202.0,180.0,165.0,168.0,221.0,187.0,188.0,188.0,189.0,189.0,189.0,187.0,189.0,190.0,183.0,208.0,299.0,322.0,290.0,283.0,,"5,186.0"
HE ANGOSTURA,ANGOSTURA,Hidráulica,Pasada,Región del Bío-Bío,convencional,0,9/24/14,282.0,210.0,211.0,211.0,211.0,211.0,284.0,309.0,328.0,325.0,327.0,327.0,326.0,327.0,325.0,329.0,328.0,327.0,329.0,328.0,330.0,328.0,328.0,328.0,,"7,169.0"
HE ANGOSTURA,ANGOSTURA,Hidráulica,Pasada,Región del Bío-Bío,convencional,0,9/25/14,330.0,328.0,330.0,330.0,330.0,330.0,330.0,328.0,326.0,327.0,327.0,330.0,325.0,327.0,326.0,327.0,329.0,326.0,331.0,328.0,328.0,328.0,326.0,325.0,,"7,872.0"
HE ANGOSTURA,ANGOSTURA,Hidráulica,Pasada,Región del Bío-Bío,convencional,0,9/26/14,321.0,139.0,81.0,129.0,190.0,190.0,190.0,214.0,226.0,288.0,281.0,201.0,161.0,161.0,216.0,328.0,328.0,328.0,328.0,327.0,326.0,326.0,323.0,323.0,,"5,925.0"
HE ANGOSTURA,ANGOSTURA,Hidráulica,Pasada,Región del Bío-Bío,convencional,0,9/27/14,286.0,281.0,282.0,282.0,261.0,122.0,83.0,61.0,70.0,165.0,313.0,325.0,328.0,325.0,323.0,324.0,323.0,284.0,281.0,282.0,284.0,284.0,286.0,325.0,,"6,180.0"
HE ANGOSTURA,ANGOSTURA,Hidráulica,Pasada,Región del Bío-Bío,convencional,0,9/28/14,325.0,326.0,327.0,325.0,325.0,326.0,326.0,328.0,325.0,325.0,325.0,324.0,323.0,324.0,326.0,325.0,323.0,321.0,296.0,294.0,310.0,328.0,325.0,323.0,,"7,725.0"
HE ANGOSTURA,ANGOSTURA,Hidráulica,Pasada,Región del Bío-Bío,convencional,0,9/29/14,325.0,325.0,301.0,248.0,167.0,80.0,83.0,266.0,322.0,329.0,328.0,327.0,329.0,327.0,329.0,328.0,326.0,328.0,323.0,330.0,326.0,325.0,323.0,252.0,,"6,947.0"
HE ANGOSTURA,ANGOSTURA,Hidráulica,Pasada,Región del Bío-Bío,convencional,0,9/30/14,250.0,237.0,190.0,144.0,141.0,142.0,160.0,243.0,279.0,327.0,328.0,327.0,325.0,327.0,328.0,328.0,327.0,315.0,293.0,291.0,322.0,323.0,324.0,325.0,,"6,596.0"
HE ANGOSTURA,ANGOSTURA,Hidráulica,Pasada,Región del Bío-Bío,convencional,0,10/1/14,285.0,160.0,103.0,104.0,150.0,238.0,246.0,286.0,316.0,328.0,328.0,328.0,328.0,328.0,328.0,327.0,327.0,328.0,325.0,327.0,328.0,325.0,325.0,326.0,,"6,794.0"
HE ANGOSTURA,ANGOSTURA,Hidráulica,Pasada,Región del Bío-Bío,convencional,0,10/2/14,325.0,327.0,233.0,196.0,142.0,105.0,102.0,167.0,306.0,330.0,330.0,328.0,287.0,242.0,242.0,242.0,242.0,241.0,200.0,206.0,281.0,281.0,227.0,203.0,,"5,785.0"
HE ANGOSTURA,ANGOSTURA,Hidráulica,Pasada,Región del Bío-Bío,convencional,0,10/3/14,201.0,202.0,202.0,200.0,203.0,319.0,330.0,328.0,328.0,328.0,328.0,328.0,326.0,327.0,327.0,328.0,328.0,302.0,222.0,254.0,327.0,328.0,328.0,330.0,,"7,024.0"
HE ANGOSTURA,ANGOSTURA,Hidráulica,Pasada,Región del Bío-Bío,convencional,0,10/4/14,326.0,327.0,326.0,286.0,284.0,284.0,284.0,284.0,284.0,284.0,316.0,324.0,325.0,326.0,327.0,282.0,202.0,193.0,181.0,227.0,328.0,328.0,328.0,330.0,,"6,986.0"
HE ANGOSTURA,ANGOSTURA,Hidráulica,Pasada,Región del Bío-Bío,convencional,0,10/5/14,325.0,327.0,326.0,251.0,220.0,224.0,143.0,141.0,142.0,142.0,143.0,143.0,143.0,143.0,183.0,230.0,241.0,241.0,238.0,209.0,329.0,328.0,327.0,328.0,,"5,467.0"
HE ANGOSTURA,ANGOSTURA,Hidráulica,Pasada,Región del Bío-Bío,convencional,0,10/6/14,329.0,328.0,327.0,195.0,189.0,189.0,191.0,217.0,302.0,328.0,325.0,323.0,328.0,326.0,325.0,326.0,323.0,266.0,224.0,234.0,323.0,323.0,285.0,243.0,,"6,769.0"
HE ANGOSTURA,ANGOSTURA,Hidráulica,Pasada,Región del Bío-Bío,convencional,0,10/7/14,243.0,242.0,242.0,212.0,183.0,183.0,249.0,282.0,285.0,324.0,326.0,327.0,327.0,327.0,325.0,325.0,327.0,314.0,230.0,232.0,314.0,326.0,326.0,297.0,,"6,768.0"
HE ANGOSTURA,ANGOSTURA,Hidráulica,Pasada,Región del Bío-Bío,convencional,0,10/8/14,250.0,246.0,199.0,124.0,130.0,222.0,312.0,327.0,325.0,325.0,326.0,325.0,327.0,326.0,326.0,307.0,209.0,204.0,189.0,167.0,310.0,324.0,313.0,251.0,,"6,364.0"
HE ANGOSTURA,ANGOSTURA,Hidráulica,Pasada,Región del Bío-Bío,convencional,0,10/9/14,238.0,201.0,200.0,144.0,142.0,143.0,239.0,277.0,284.0,325.0,331.0,326.0,328.0,327.0,325.0,294.0,200.0,174.0,160.0,198.0,325.0,325.0,323.0,249.0,,"6,078.0"
HE ANGOSTURA,ANGOSTURA,Hidráulica,Pasada,Región del Bío-Bío,convencional,0,10/10/14,136.0,120.0,121.0,123.0,174.0,244.0,303.0,328.0,327.0,328.0,325.0,324.0,325.0,325.0,282.0,270.0,211.0,152.0,157.0,163.0,328.0,332.0,331.0,304.0,,"6,033.0"
HE ANGOSTURA,ANGOSTURA,Hidráulica,Pasada,Región del Bío-Bío,convencional,0,10/11/14,280.0,218.0,165.0,165.0,142.0,142.0,181.0,182.0,243.0,288.0,330.0,328.0,327.0,326.0,323.0,323.0,224.0,163.0,163.0,161.0,294.0,330.0,325.0,323.0,,"5,946.0"
HE ANGOSTURA,ANGOSTURA,Hidráulica,Pasada,Región del Bío-Bío,convencional,0,10/12/14,251.0,164.0,141.0,141.0,141.0,185.0,245.0,262.0,262.0,297.0,326.0,325.0,278.0,181.0,180.0,183.0,180.0,181.0,210.0,243.0,295.0,328.0,326.0,325.0,,"5,650.0"
HE ANGOSTURA,ANGOSTURA,Hidráulica,Pasada,Región del Bío-Bío,convencional,0,10/13/14,321.0,245.0,240.0,230.0,181.0,181.0,210.0,274.0,317.0,328.0,328.0,328.0,325.0,327.0,325.0,318.0,235.0,138.0,101.0,101.0,284.0,324.0,327.0,326.0,,"6,314.0"
HE ANGOSTURA,ANGOSTURA,Hidráulica,Pasada,Región del Bío-Bío,convencional,0,10/14/14,325.0,280.0,212.0,140.0,130.0,100.0,154.0,224.0,178.0,286.0,280.0,306.0,287.0,242.0,284.0,325.0,326.0,325.0,267.0,202.0,284.0,323.0,318.0,280.0,,"6,078.0"
HE ANGOSTURA,ANGOSTURA,Hidráulica,Pasada,Región del Bío-Bío,convencional,0,10/15/14,255.0,200.0,102.0,102.0,172.0,198.0,260.0,286.0,286.0,286.0,282.0,284.0,286.0,286.0,284.0,285.0,284.0,284.0,284.0,282.0,280.0,265.0,221.0,219.0,,"5,973.0"
HE ANGOSTURA,ANGOSTURA,Hidráulica,Pasada,Región del Bío-Bío,convencional,0,10/16/14,182.0,180.0,166.0,142.0,117.0,102.0,174.0,187.0,280.0,326.0,325.0,318.0,215.0,200.0,271.0,325.0,324.0,267.0,132.0,174.0,320.0,316.0,271.0,240.0,,"5,554.0"
HE ANGOSTURA,ANGOSTURA,Hidráulica,Pasada,Región del Bío-Bío,convencional,0,10/17/14,242.0,214.0,162.0,111.0,111.0,110.0,111.0,163.0,314.0,325.0,328.0,327.0,326.0,318.0,325.0,291.0,251.0,210.0,200.0,222.0,297.0,326.0,325.0,326.0,,"5,935.0"
HE ANGOSTURA,ANGOSTURA,Hidráulica,Pasada,Región del Bío-Bío,convencional,0,10/18/14,323.0,223.0,120.0,111.0,110.0,111.0,145.0,259.0,328.0,329.0,328.0,327.0,326.0,326.0,326.0,326.0,250.0,130.0,120.0,176.0,306.0,325.0,325.0,326.0,,"5,976.0"
HE ANGOSTURA,ANGOSTURA,Hidráulica,Pasada,Región del Bío-Bío,convencional,0,10/19/14,287.0,240.0,135.0,120.0,121.0,121.0,121.0,121.0,121.0,120.0,191.0,193.0,193.0,193.0,189.0,166.0,169.0,171.0,169.0,203.0,312.0,328.0,325.0,326.0,,"4,635.0"
HE ANGOSTURA,ANGOSTURA,Hidráulica,Pasada,Región del Bío-Bío,convencional,0,10/20/14,295.0,200.0,123.0,101.0,101.0,101.0,133.0,203.0,219.0,324.0,328.0,328.0,328.0,328.0,325.0,325.0,304.0,231.0,120.0,145.0,289.0,327.0,325.0,312.0,,"5,815.0"
HE ANGOSTURA,ANGOSTURA,Hidráulica,Pasada,Región del Bío-Bío,convencional,0,10/21/14,188.0,119.0,128.0,129.0,129.0,130.0,227.0,321.0,328.0,328.0,328.0,328.0,325.0,325.0,323.0,323.0,264.0,202.0,132.0,102.0,244.0,323.0,323.0,244.0,,"5,813.0"
HE ANGOSTURA,ANGOSTURA,Hidráulica,Pasada,Región del Bío-Bío,convencional,0,10/22/14,173.0,142.0,142.0,113.0,101.0,100.0,115.0,211.0,286.0,326.0,327.0,327.0,326.0,217.0,232.0,240.0,240.0,240.0,241.0,242.0,310.0,325.0,325.0,328.0,,"5,629.0"
HE ANGOSTURA,ANGOSTURA,Hidráulica,Pasada,Región del Bío-Bío,convencional,0,10/23/14,303.0,196.0,147.0,138.0,121.0,121.0,134.0,201.0,228.0,283.0,286.0,286.0,282.0,284.0,282.0,282.0,282.0,248.0,200.0,200.0,267.0,282.0,282.0,281.0,,"5,616.0"
HE ANGOSTURA,ANGOSTURA,Hidráulica,Pasada,Región del Bío-Bío,convencional,0,10/24/14,282.0,211.0,108.0,100.0,101.0,101.0,100.0,95.0,229.0,241.0,243.0,250.0,280.0,243.0,255.0,272.0,175.0,139.0,100.0,100.0,192.0,242.0,241.0,240.0,,"4,540.0"
HE ANGOSTURA,ANGOSTURA,Hidráulica,Pasada,Región del Bío-Bío,convencional,0,10/25/14,239.0,190.0,140.0,101.0,83.0,57.0,41.0,40.0,101.0,155.0,189.0,189.0,191.0,191.0,189.0,190.0,190.0,190.0,190.0,218.0,311.0,326.0,325.0,326.0,,"4,362.0"
HE ANGOSTURA,ANGOSTURA,Hidráulica,Pasada,Región del Bío-Bío,convencional,0,10/26/14,135.0,41.0,41.0,41.0,41.0,41.0,41.0,40.0,45.0,47.0,124.0,168.0,189.0,189.0,178.0,143.0,84.0,72.0,73.0,77.0,248.0,304.0,203.0,43.0,,"2,608.0"
HE ANGOSTURA,ANGOSTURA,Hidráulica,Pasada,Región del Bío-Bío,convencional,0,10/27/14,45.0,58.0,92.0,103.0,101.0,81.0,80.0,134.0,140.0,176.0,189.0,189.0,189.0,189.0,189.0,189.0,189.0,189.0,189.0,189.0,289.0,328.0,326.0,323.0,,"4,166.0"
