Fila;NombreCentral;Chimenea;UGE;Periodo;Fecha Carga;FECHA;AÑO;MES;DIA;HORA;CONCENTRACION_NOX_PPM;CONCENTRACION_NOX_MG_NM3;CONCENTRACION_SO2_PPM;CONCENTRACION_SO2_MG_NM3;CONCENTRACION_MP_MG_M3;CONCENTRACION_MP_MG_NM3;OXIGENO_PORCENTAJE_BASE_SECA;HUMEDAD_PORCENTAJE;CONCENTRACION_PORCENTAJE_CO2;TEMPERATURA_GASES_SALIDA_C;PRESION_GASES_SALIDA_ATM;FLUJO_GASES_SALIDA_NM3_H;TEMPERATURA_COMBUSTION_MINIMA_C;TEMPERATURA_COMBUSTION_MAXIMA_C;POTENCIA_BRUTA_MWH;CONCENTRACION_CO2_TON_MWH;CONCENTRACION_NOX_MG_MWH;CONCENTRACION_SO2_MG_MWH;CONCENTRACION_MP_MG_MWH;TIPO_DE_FUENTE_EMISORA;TIPO_COMBUSTIBLE;COMBUSTIBLE;ESTADO_UGE;TIPO_DATO_MP;TIPO_DATO_SO2;TIPO_DATO_NOX;TIPO_DATO_O2;TIPO_DATO_FLUJO;CONSUMO_COMBUSTIBLE;FLUJO_GASES_SALIDA_BASE_HUMEDA_M3_H;FLUJO_GASES_SALIDA_BASE_SECA_M3_H;TIPO_DATO_CO2;TIPO_DATO_TEMPERATURA;TIPO_DATO_PRESION;TIPO_DATO_HUMEDAD
54961;ANDINA;CTA;CTA;2018/4;29/01/2019;01/10/2018 00:00;2018;10;1;0;156,1999969;313,8999939;138,5;387;9,699999809;16,20000076;6,900000095;8,699999809;13,19999981;140,8000031;0,970000029;615091,125;NA;NA;160;1;1129862;1393029;58144;EXISTENTE;SOLIDO;CARBON;RE;DM;DM;DM;DM;DM;83,19999695;962255,3125;878539,125;DM;DM;DM;MR
54962;ANDINA;CTA;CTA;2018/4;29/01/2019;01/10/2018 01:00;2018;10;1;1;155,5;310,6000061;137,3000031;381,3999939;6,699999809;11,19999981;6,900000095;8,699999809;13,30000019;140;0,970000029;614452,875;NA;NA;160;1;1123518;1379664;40453;EXISTENTE;SOLIDO;CARBON;RE;DM;DM;DM;DM;DM;83,19999695;959447,8125;875975,875;DM;DM;DM;MR
54963;ANDINA;CTA;CTA;2018/4;29/01/2019;01/10/2018 02:00;2018;10;1;2;156,6000061;313,7999878;135,8999939;378,7000122;6,800000191;11,39999962;6,900000095;8,699999809;13,19999981;139,5;0,970000029;613043,6875;NA;NA;161;1;1121972;1354358;40615;EXISTENTE;SOLIDO;CARBON;RE;DM;DM;DM;DM;DM;83,19999695;955991,5;872820,3125;DM;DM;DM;MR
54964;ANDINA;CTA;CTA;2018/4;29/01/2019;01/10/2018 03:00;2018;10;1;3;158;315,7000122;133,8999939;372,3999939;7,099999905;11,80000019;6,900000095;8,699999809;13,30000019;139,3000031;0,970000029;614117,125;NA;NA;162;1;1126625;1328851;42173;EXISTENTE;SOLIDO;CARBON;RE;DM;DM;DM;DM;DM;83,19999695;958208;874843,875;DM;DM;DM;MR
54965;ANDINA;CTA;CTA;2018/4;29/01/2019;01/10/2018 04:00;2018;10;1;4;157,5;315,2000122;133;370,2999878;7,199999809;12;6,900000095;8,699999809;13,19999981;139,3000031;0,970000029;614079,125;NA;NA;161;1;1130173;1327639;43073;EXISTENTE;SOLIDO;CARBON;RE;DM;DM;DM;DM;DM;83,19999695;958232,1875;874866;DM;DM;DM;MR
54966;ANDINA;CTA;CTA;2018/4;29/01/2019;01/10/2018 05:00;2018;10;1;5;157,8999939;316;135;375,8999939;7,5;12,39999962;6,900000095;8,699999809;13,19999981;139,3000031;0,970000029;614572,3125;NA;NA;161;1;1133436;1348395;44622;EXISTENTE;SOLIDO;CARBON;RE;DM;DM;DM;DM;DM;83,19999695;958010,625;874663,6875;DM;DM;DM;MR
54967;ANDINA;CTA;CTA;2018/4;29/01/2019;01/10/2018 06:00;2018;10;1;6;161,3000031;322,7999878;108,1999969;301,2000122;7,300000191;12;6,900000095;8,699999809;13,30000019;139,3999939;0,970000029;609779,375;NA;NA;161;1;1149161;1071966;42871;EXISTENTE;SOLIDO;CARBON;RE;DM;DM;DM;DM;DM;83,19999695;950852,6875;868128,5;DM;DM;DM;MR
54968;ANDINA;CTA;CTA;2018/4;29/01/2019;01/10/2018 07:00;2018;10;1;7;156,3999939;314,7999878;139,1000061;389,5;7,5;12,5;7;8,699999809;13,10000038;139,6000061;0,970000029;615116,6875;NA;NA;161;1;1123790;1390333;44569;EXISTENTE;SOLIDO;CARBON;RE;DM;DM;DM;DM;DM;83,19999695;958661,125;875257,625;DM;DM;DM;MR
54969;ANDINA;CTA;CTA;2018/4;29/01/2019;01/10/2018 08:00;2018;10;1;8;239;481,8999939;135,8999939;381,2000122;7,300000191;12,19999981;7;8,699999809;13,10000038;139,5;0,970000029;615831,1875;NA;NA;162;1;1708766;1351904;43237;EXISTENTE;SOLIDO;CARBON;RE;DM;DS;DS;DS;DM;83,19999695;959507,3125;876030,125;DS;DM;DM;MR
54970;ANDINA;CTA;CTA;2018/4;29/01/2019;01/10/2018 09:00;2018;10;1;9;156,1999969;315,5;132,6999969;372,8999939;8;13,39999962;7;8,699999809;13,10000038;139,6999969;0,970000029;617441,8125;NA;NA;161;1;1127136;1332129;47998;EXISTENTE;SOLIDO;CARBON;RE;DM;DM;DM;DM;DM;83,19999695;962468,875;878734,125;DM;DM;DM;MR
54971;ANDINA;CTA;CTA;2018/4;29/01/2019;01/10/2018 10:00;2018;10;1;10;138,6000061;281,8999939;136,5;386,3999939;5,099999905;8,600000381;7,099999905;8,699999809;13;139,1999969;0,970000029;538904,1875;NA;NA;141;1;996209;1365702;30522;EXISTENTE;SOLIDO;CARBON;RE;DM;DM;DM;DM;DM;83,19999695;838082,3125;765169,125;DM;DM;DM;MR
54972;ANDINA;CTA;CTA;2018/4;29/01/2019;01/10/2018 11:00;2018;10;1;11;122,6999969;253,6000061;120,6999969;347,1000061;3,5;6;7,300000191;8,699999809;12,80000019;139,1999969;0,980000019;429997,4063;NA;NA;111;1;894211;1223955;21215;EXISTENTE;SOLIDO;CARBON;RE;DM;DM;DM;DM;DM;83,19999695;668056,5;609935,625;DM;DM;DM;MR
54973;ANDINA;CTA;CTA;2018/4;29/01/2019;01/10/2018 12:00;2018;10;1;12;111,1999969;250,3999939;97,30000305;305;3,099999905;5,699999809;8,5;8,699999809;11,69999981;136,6000061;0,980000019;347863,6875;NA;NA;80;1;909161;1107316;20770;EXISTENTE;SOLIDO;CARBON;RE;DM;DM;DM;DM;DM;83,19999695;537036,875;490314,6875;DM;DM;DM;MR
54974;ANDINA;CTA;CTA;2018/4;29/01/2019;01/10/2018 13:00;2018;10;1;13;108,4000015;248,8000031;93,5;298,5;3;5,699999809;8,699999809;8,699999809;11,5;135,6000061;0,970000029;346658,1875;NA;NA;77;1;918157;1101771;21064;EXISTENTE;SOLIDO;CARBON;RE;DM;DM;DM;DM;DM;83,19999695;534413,875;487919,9063;DM;DM;DM;MR
54975;ANDINA;CTA;CTA;2018/4;29/01/2019;01/10/2018 14:00;2018;10;1;14;105,5;239,3999939;114,1999969;360,3999939;3;5,5;8,5;8,699999809;11,60000038;135,6999969;0,970000029;346377,5;NA;NA;77;1;892757;1344330;20566;EXISTENTE;SOLIDO;CARBON;RE;DM;DM;DM;DM;DM;83,19999695;534633,1875;488120,0938;DM;DM;DM;MR
54976;ANDINA;CTA;CTA;2018/4;29/01/2019;01/10/2018 15:00;2018;10;1;15;105,0999985;239,3999939;110,6999969;350,6000061;2,900000095;5,5;8,600000381;8,699999809;11,60000038;135,8999939;0,970000029;345002,6875;NA;NA;76;1;897788;1315057;20626;EXISTENTE;SOLIDO;CARBON;RE;DM;DM;DM;DM;DM;83,19999695;533362,8125;486960,1875;DM;DM;DM;MR
54977;ANDINA;CTA;CTA;2018/4;29/01/2019;01/10/2018 16:00;2018;10;1;16;104,0999985;237,5;109,9000015;348,7000122;2,900000095;5,5;8,600000381;8,699999809;11,60000038;136,1999969;0,970000029;341448,6875;NA;NA;76;1;880106;1292304;20323;EXISTENTE;SOLIDO;CARBON;RE;DM;DM;DM;DM;DM;83,19999695;528229,8125;482273,8125;DM;DM;DM;MR
54978;ANDINA;CTA;CTA;2018/4;29/01/2019;01/10/2018 17:00;2018;10;1;17;97,80000305;189,6999969;133,8999939;361,2999878;3,200000048;5,099999905;6,5;8,699999809;14;136,8000031;0,970000029;376440,3125;NA;NA;96;1;721198;1374030;19482;EXISTENTE;SOLIDO;CARBON;RE;DM;DM;DM;DM;DM;83,19999695;583190,8125;532453,1875;DM;DM;DM;MR
54979;ANDINA;CTA;CTA;2018/4;29/01/2019;01/10/2018 18:00;2018;10;1;18;148,1999969;287;123,1999969;332;5,099999905;8,199999809;6,400000095;8,699999809;13,69999981;138,1999969;0,970000029;554704,8125;NA;NA;142;1;1088949;1259430;31156;EXISTENTE;SOLIDO;CARBON;RE;DM;DM;DM;DM;DM;83,19999695;862419,3125;787388,875;DM;DM;DM;MR
54980;ANDINA;CTA;CTA;2018/4;29/01/2019;01/10/2018 19:00;2018;10;1;19;150,3000031;304,1000061;100,8000031;283,7999878;5,599999905;9,399999619;7;8,699999809;13,10000038;137,6000061;0,970000029;586554,1875;NA;NA;149;1;1113246;1038730;34409;EXISTENTE;SOLIDO;CARBON;RE;DM;DM;DM;DM;DM;83,19999695;910475,875;831264,5;DM;DM;DM;MR
54981;ANDINA;CTA;CTA;2018/4;29/01/2019;01/10/2018 20:00;2018;10;1;20;154,1999969;306,8999939;138,6999969;384,2000122;6,400000095;10,5;6,800000191;8,699999809;13,30000019;137,3999939;0,970000029;615533,125;NA;NA;161;1;1108851;1387872;37868;EXISTENTE;SOLIDO;CARBON;RE;DM;DM;DM;DM;DM;83,19999695;955165;872065,625;DM;DM;DM;MR
54982;ANDINA;CTA;CTA;2018/4;29/01/2019;01/10/2018 21:00;2018;10;1;21;152,8999939;302;135;371;5,900000095;9,699999809;6,699999809;8,699999809;13,39999962;137,1000061;0,970000029;610516,8125;NA;NA;160;1;1097143;1347619;35157;EXISTENTE;SOLIDO;CARBON;RE;DM;DM;DM;DM;DM;83,19999695;945711;863434,1875;DM;DM;DM;MR
54983;ANDINA;CTA;CTA;2018/4;29/01/2019;01/10/2018 22:00;2018;10;1;22;157,5;311,5;128,6000061;354;6,300000191;10,19999981;6,699999809;8,699999809;13,39999962;137,1000061;0,970000029;613392,8125;NA;NA;161;1;1128351;1282464;36948;EXISTENTE;SOLIDO;CARBON;RE;DM;DM;DM;DM;DM;83,19999695;950101,1875;867442,375;DM;DM;DM;MR
54984;ANDINA;CTA;CTA;2018/4;29/01/2019;01/10/2018 23:00;2018;10;1;23;158,5;315,3999939;130,6000061;361,5;3,400000095;5,599999905;6,800000191;8,699999809;13,30000019;137,6999969;0,970000029;618168,125;NA;NA;161;1;1145051;1312374;20368;EXISTENTE;SOLIDO;CARBON;RE;DM;DM;DM;DM;DM;83,19999695;958853,875;875433,625;DM;DM;DM;MR
54985;ANDINA;CTA;CTA;2018/4;29/01/2019;02/10/2018 00:00;2018;10;2;0;155,1999969;310;139,1999969;386,8999939;3,200000048;5,300000191;6,900000095;8,699999809;13,30000019;138;0,970000029;618198,1875;NA;NA;160;1;1127691;1407548;19297;EXISTENTE;SOLIDO;CARBON;RE;DM;DM;DM;DM;DM;82,90000153;960623;877048,8125;DM;DM;DM;MR
54986;ANDINA;CTA;CTA;2018/4;29/01/2019;02/10/2018 01:00;2018;10;2;1;155,8999939;311;120,9000015;335,6000061;3,200000048;5,199999809;6,900000095;8,699999809;13,30000019;137,6999969;0,970000029;613231,6875;NA;NA;161;1;1117050;1205325;18666;EXISTENTE;SOLIDO;CARBON;RE;DM;DM;DM;DM;DM;82,90000153;952203,375;869361,6875;DM;DM;DM;MR
54987;ANDINA;CTA;CTA;2018/4;29/01/2019;02/10/2018 02:00;2018;10;2;2;153,8000031;307,3999939;142,8999939;397,3999939;3,099999905;5,099999905;6,900000095;8,699999809;13,19999981;137,3000031;0,970000029;610440,8125;NA;NA;159;1;1110954;1436073;18356;EXISTENTE;SOLIDO;CARBON;RE;DM;DM;DM;DM;DM;82,90000153;947004,5;864615,125;DM;DM;DM;MR
54988;ANDINA;CTA;CTA;2018/4;29/01/2019;02/10/2018 03:00;2018;10;2;3;155,3999939;311,2999878;127,0999985;354,2000122;3,099999905;5,099999905;6,900000095;8,699999809;13,19999981;137,1999969;0,970000029;613360,6875;NA;NA;161;1;1113444;1266894;18393;EXISTENTE;SOLIDO;CARBON;RE;DM;DM;DM;DM;DM;82,90000153;951263,125;868503,1875;DM;DM;DM;MR
54989;ANDINA;CTA;CTA;2018/4;29/01/2019;02/10/2018 04:00;2018;10;2;4;155,1999969;310,1000061;126,1999969;350,6000061;3,099999905;5,199999809;6,900000095;8,699999809;13,30000019;137,1999969;0,970000029;611969,375;NA;NA;160;1;1116826;1262742;18599;EXISTENTE;SOLIDO;CARBON;RE;DM;DM;DM;DM;DM;82,90000153;949214,125;866632,375;DM;DM;DM;MR
54990;ANDINA;CTA;CTA;2018/4;29/01/2019;02/10/2018 05:00;2018;10;2;5;156,6999969;313;92,69999695;257,5;3,200000048;5,300000191;6,900000095;8,699999809;13,39999962;137,3000031;0,970000029;611753,8125;NA;NA;160;1;1126997;927166;19088;EXISTENTE;SOLIDO;CARBON;RE;DM;DM;DM;DM;DM;82,90000153;949039,1875;866472,8125;DM;DM;DM;MR
54991;ANDINA;CTA;CTA;2018/4;29/01/2019;02/10/2018 06:00;2018;10;2;6;156,3000031;311,8999939;114,8000031;318,7999878;3,099999905;5,099999905;6,900000095;8,699999809;13,30000019;137,3000031;0,970000029;604034;NA;NA;160;1;1109992;1134628;17990;EXISTENTE;SOLIDO;CARBON;RE;DM;DM;DM;DM;DM;82,90000153;936985,5;855467,8125;DM;DM;DM;MR
54992;ANDINA;CTA;CTA;2018/4;29/01/2019;02/10/2018 07:00;2018;10;2;7;152,3999939;304,3999939;133,6000061;371,2999878;3,099999905;5,199999809;6,900000095;8,699999809;13,30000019;137,3999939;0,970000029;609308,8125;NA;NA;161;1;1084569;1323099;18397;EXISTENTE;SOLIDO;CARBON;RE;DM;DM;DM;DM;DM;82,90000153;944504,6875;862332,8125;DM;DM;DM;MR
54993;ANDINA;CTA;CTA;2018/4;29/01/2019;02/10/2018 08:00;2018;10;2;8;151,3999939;301,7999878;136;377,2000122;3;5;6,800000191;8,699999809;13,19999981;137,6000061;0,970000029;603233,625;NA;NA;158;1;1087428;1358889;18054;EXISTENTE;SOLIDO;CARBON;RE;DM;DM;DM;DM;DM;82,90000153;935570,1875;854175,625;DM;DM;DM;MR
54994;ANDINA;CTA;CTA;2018/4;29/01/2019;02/10/2018 09:00;2018;10;2;9;151,3999939;301,3999939;129,6000061;359;4,699999809;7,699999809;6,800000191;8,699999809;13,30000019;137,5;0,970000029;607293,3125;NA;NA;160;1;1080969;1287620;27567;EXISTENTE;SOLIDO;CARBON;RE;DM;DM;DM;DM;DM;82,90000153;941469,8125;859561,875;DM;DM;DM;MR
54995;ANDINA;CTA;CTA;2018/4;29/01/2019;02/10/2018 10:00;2018;10;2;10;144,8000031;289,1000061;123,9000015;344,2999878;4,400000095;7,199999809;6,900000095;8,699999809;13,30000019;137,5;0,970000029;590292,5;NA;NA;155;1;1036936;1234979;25715;EXISTENTE;SOLIDO;CARBON;RE;DM;DM;DM;DM;DM;82,90000153;914169,875;834637,1875;DM;DM;DM;MR
54996;ANDINA;CTA;CTA;2018/4;29/01/2019;02/10/2018 11:00;2018;10;2;11;122,5999985;252;118,8000031;339,7999878;3,099999905;5,199999809;7,300000191;8,699999809;12,80000019;136,8000031;0,980000019;464379,8125;NA;NA;123;1;870466;1173913;17874;EXISTENTE;SOLIDO;CARBON;RE;DM;DM;DM;DM;DM;82,90000153;717288,6875;654884,625;DM;DM;DM;MR
54997;ANDINA;CTA;CTA;2018/4;29/01/2019;02/10/2018 12:00;2018;10;2;12;106,5999985;250,3999939;71,69999695;234,3000031;2,700000048;5,199999809;9;8,699999809;11,30000019;136;0,980000019;347739,0938;NA;NA;79;1;882220;825527;18346;EXISTENTE;SOLIDO;CARBON;RE;DM;DM;DM;DM;DM;82,90000153;535587,6875;488991,5938;DM;DM;DM;MR
54998;ANDINA;CTA;CTA;2018/4;29/01/2019;02/10/2018 13:00;2018;10;2;13;98;226,3999939;66,69999695;214,1999969;2,799999952;5,199999809;8,800000191;8,699999809;11,5;136,1000061;0,970000029;344410,4063;NA;NA;75;1;846929;801419;19620;EXISTENTE;SOLIDO;CARBON;RE;DM;DM;DM;DM;DM;82,90000153;531621,375;485370,3125;DM;DM;DM;MR
54999;ANDINA;CTA;CTA;2018/4;29/01/2019;02/10/2018 14:00;2018;10;2;14;92,69999695;210,6000061;69,80000305;220,6000061;2,799999952;5,199999809;8,600000381;8,699999809;11,60000038;136,3000031;0,970000029;346485;NA;NA;77;1;785006;822282;19434;EXISTENTE;SOLIDO;CARBON;RE;DM;DM;DM;DM;DM;82,90000153;535582,6875;488987;DM;DM;DM;MR
55000;ANDINA;CTA;CTA;2018/4;29/01/2019;02/10/2018 15:00;2018;10;2;15;91,5;208,3999939;77,59999847;245,8000031;2,700000048;5;8,600000381;8,699999809;11,60000038;136,5;0,970000029;345144,5;NA;NA;76;1;781845;921986;18919;EXISTENTE;SOLIDO;CARBON;RE;DM;DM;DM;DM;DM;82,90000153;534329,625;487842,9063;DM;DM;DM;MR
55001;ANDINA;CTA;CTA;2018/4;29/01/2019;02/10/2018 16:00;2018;10;2;16;92,09999847;209,5;86,80000305;274,7000122;2,700000048;5;8,600000381;8,699999809;11,60000038;136,6999969;0,970000029;343486,6875;NA;NA;76;1;782884;1026478;18825;EXISTENTE;SOLIDO;CARBON;RE;DM;DM;DM;DM;DM;82,90000153;532052,625;485764;DM;DM;DM;MR
55002;ANDINA;CTA;CTA;2018/4;29/01/2019;02/10/2018 17:00;2018;10;2;17;91,90000153;184,6000061;116,4000015;325,6000061;2,799999952;4,699999809;7;8,699999809;13,30000019;137,6999969;0,970000029;379320,8125;NA;NA;92;1;712471;1256197;18135;EXISTENTE;SOLIDO;CARBON;RE;DM;DM;DM;DM;DM;82,90000153;590165,125;538820,6875;DM;DM;DM;MR
55003;ANDINA;CTA;CTA;2018/4;29/01/2019;02/10/2018 18:00;2018;10;2;18;139,3999939;269,8999939;76,59999847;206,3999939;3,700000048;5,900000095;6,400000095;8,699999809;13,80000019;138,6999969;0,970000029;506723,6875;NA;NA;131;1;1014323;775543;22213;EXISTENTE;SOLIDO;CARBON;RE;DM;DM;DM;DM;DM;82,90000153;790301,6875;721545,375;DM;DM;DM;MR
55004;ANDINA;CTA;CTA;2018/4;29/01/2019;02/10/2018 19:00;2018;10;2;19;152,3000031;300;137,3000031;376,1000061;5,300000191;8,600000381;6,699999809;8,699999809;13,39999962;138,6000061;0,970000029;593753,5;NA;NA;156;1;1090461;1367311;31269;EXISTENTE;SOLIDO;CARBON;RE;DM;DM;DM;DM;DM;82,90000153;925948,3125;845390,8125;DM;DM;DM;MR
55005;ANDINA;CTA;CTA;2018/4;29/01/2019;02/10/2018 20:00;2018;10;2;20;150,1999969;297,2000122;120,9000015;333;4,300000191;7;6,699999809;8,699999809;13,39999962;137,6999969;0,970000029;597661;NA;NA;156;1;1082079;1212341;25583;EXISTENTE;SOLIDO;CARBON;RE;DM;DM;DM;DM;DM;82,90000153;929855,3125;848957,875;DM;DM;DM;MR
55006;ANDINA;CTA;CTA;2018/4;29/01/2019;02/10/2018 21:00;2018;10;2;21;152,1000061;303,5;117,5;326,3999939;5,199999809;8,600000381;6,900000095;8,699999809;13,30000019;137,5;0,970000029;609818,5;NA;NA;160;1;1090181;1172335;31023;EXISTENTE;SOLIDO;CARBON;RE;DM;DM;DM;DM;DM;82,90000153;947440,3125;865013;DM;DM;DM;MR
55007;ANDINA;CTA;CTA;2018/4;29/01/2019;02/10/2018 22:00;2018;10;2;22;149;295,3999939;112,6999969;310,7999878;5,5;8,899999619;6,800000191;8,699999809;13,39999962;137,5;0,970000029;609116,375;NA;NA;162;1;1054032;1108992;31923;EXISTENTE;SOLIDO;CARBON;RE;DM;DM;DM;DM;DM;82,90000153;945440,3125;863187;DM;DM;DM;MR
55008;ANDINA;CTA;CTA;2018/4;29/01/2019;02/10/2018 23:00;2018;10;2;23;146,8999939;292,1000061;125,3000031;346,6000061;5,599999905;9,199999809;6,800000191;8,699999809;13,30000019;137,6000061;0,970000029;611317,875;NA;NA;161;1;1049177;1244927;32918;EXISTENTE;SOLIDO;CARBON;RE;DM;DM;DM;DM;DM;82,90000153;948938,1875;866380,5;DM;DM;DM;MR
55009;ANDINA;CTA;CTA;2018/4;29/01/2019;03/10/2018 00:00;2018;10;3;0;144,8000031;288,7999878;121,9000015;338,2999878;6,800000191;11,30000019;6,800000191;8,699999809;13,30000019;138,5;0,970000029;611184,875;NA;NA;160;1;1040581;1218617;40640;EXISTENTE;SOLIDO;CARBON;RE;DM;DM;DM;DM;DM;71,69999695;951905,5;869089,8125;DM;DM;DM;MR
55010;ANDINA;CTA;CTA;2018/4;29/01/2019;03/10/2018 01:00;2018;10;3;1;142,6999969;284;131,3000031;363,6000061;4,599999905;7,599999905;6,800000191;8,699999809;13,30000019;137,1999969;0,970000029;603291,125;NA;NA;159;1;1018200;1303603;27368;EXISTENTE;SOLIDO;CARBON;RE;DM;DM;DM;DM;DM;71,69999695;936600,5;855116,3125;DM;DM;DM;MR
55011;ANDINA;CTA;CTA;2018/4;29/01/2019;03/10/2018 02:00;2018;10;3;2;146,8000031;291,3999939;120,4000015;332,7000122;4,599999905;7,599999905;6,800000191;8,699999809;13,39999962;137;0,970000029;605726,375;NA;NA;159;1;1051626;1200734;27363;EXISTENTE;SOLIDO;CARBON;RE;DM;DM;DM;DM;DM;71,69999695;940903,5;859044,875;DM;DM;DM;MR
55012;ANDINA;CTA;CTA;2018/4;29/01/2019;03/10/2018 03:00;2018;10;3;3;144,1999969;287,5;133,3000031;369,7999878;4,599999905;7,599999905;6,800000191;8,699999809;13,30000019;137;0,970000029;608130,625;NA;NA;160;1;1030677;1326059;27347;EXISTENTE;SOLIDO;CARBON;RE;DM;DM;DM;DM;DM;71,69999695;944633,375;862450,3125;DM;DM;DM;MR
55013;ANDINA;CTA;CTA;2018/4;29/01/2019;03/10/2018 04:00;2018;10;3;4;147,3000031;292,8999939;132,1000061;365,3999939;4,699999809;7,599999905;6,800000191;8,699999809;13,30000019;136,8999939;0,970000029;606539,6875;NA;NA;159;1;1057013;1318819;27534;EXISTENTE;SOLIDO;CARBON;RE;DM;DM;DM;DM;DM;71,69999695;941072,6875;859199,3125;DM;DM;DM;MR
55014;ANDINA;CTA;CTA;2018/4;29/01/2019;03/10/2018 05:00;2018;10;3;5;148,8000031;296,6000061;134;371,6000061;4,699999809;7,699999809;6,800000191;8,699999809;13,30000019;136,8999939;0,970000029;611715,8125;NA;NA;160;1;1070136;1340740;27729;EXISTENTE;SOLIDO;CARBON;RE;DM;DM;DM;DM;DM;71,69999695;949004;866440,625;DM;DM;DM;MR
55015;ANDINA;CTA;CTA;2018/4;29/01/2019;03/10/2018 06:00;2018;10;3;6;149,1999969;297,8999939;134,3000031;373;4,800000191;7,900000095;6,900000095;8,699999809;13,30000019;137,1000061;0,970000029;611019,125;NA;NA;160;1;1071503;1341752;28518;EXISTENTE;SOLIDO;CARBON;RE;DM;DM;DM;DM;DM;71,69999695;947425,875;864999,8125;DM;DM;DM;MR
55016;ANDINA;CTA;CTA;2018/4;29/01/2019;03/10/2018 07:00;2018;10;3;7;149,5;297;137,5;380;4,699999809;7,599999905;6,800000191;8,699999809;13,30000019;137,1999969;0,970000029;607100,1875;NA;NA;159;1;1073962;1374066;27582;EXISTENTE;SOLIDO;CARBON;RE;DM;DM;DM;DM;DM;71,69999695;941491,6875;859581,875;DM;DM;DM;MR
55017;ANDINA;CTA;CTA;2018/4;29/01/2019;03/10/2018 08:00;2018;10;3;8;150,3000031;299,2999878;137,3000031;380,5;4,900000095;8;6,800000191;8,699999809;13,30000019;137,3999939;0,970000029;612887,875;NA;NA;161;1;1076074;1367941;28772;EXISTENTE;SOLIDO;CARBON;RE;DM;DM;DM;DM;DM;71,69999695;950022,6875;867370,6875;DM;DM;DM;MR
55018;ANDINA;CTA;CTA;2018/4;29/01/2019;03/10/2018 09:00;2018;10;3;9;152,1999969;303,5;136,6999969;379,2999878;5;8,199999809;6,800000191;8,699999809;13,30000019;137,6000061;0,970000029;615002,1875;NA;NA;162;1;1086589;1357828;29368;EXISTENTE;SOLIDO;CARBON;RE;DM;DM;DM;DM;DM;71,69999695;953827;870844,125;DM;DM;DM;MR
55019;ANDINA;CTA;CTA;2018/4;29/01/2019;03/10/2018 10:00;2018;10;3;10;143,6000061;286,8999939;123,0999985;342;4;6,5;6,900000095;8,699999809;13,30000019;137,1000061;0,970000029;574510,5;NA;NA;151;1;1027788;1225218;23453;EXISTENTE;SOLIDO;CARBON;RE;DM;DM;DM;DM;DM;71,69999695;888888;811554,6875;DM;DM;DM;MR
55020;ANDINA;CTA;CTA;2018/4;29/01/2019;03/10/2018 11:00;2018;10;3;11;128,1000061;263;95,80000305;273,6000061;3;5,099999905;7,199999809;8,699999809;12,89999962;137,1999969;0,980000019;458261,1875;NA;NA;120;1;920245;957147;17747;EXISTENTE;SOLIDO;CARBON;RE;DM;DM;DM;DM;DM;71,69999695;708474,875;646837,625;DM;DM;DM;MR
55021;ANDINA;CTA;CTA;2018/4;29/01/2019;03/10/2018 12:00;2018;10;3;12;105,5;238;78;244,8999939;2,700000048;5,099999905;8,5;8,699999809;11,69999981;136,3999939;0,980000019;345818,9063;NA;NA;82;1;836580;860872;17773;EXISTENTE;SOLIDO;CARBON;RE;DM;DM;DM;DM;DM;71,69999695;533659,875;487231,5;DM;DM;DM;MR
55022;ANDINA;CTA;CTA;2018/4;29/01/2019;03/10/2018 13:00;2018;10;3;13;95,19999695;214;108,4000015;339,1000061;2,700000048;5;8,399999619;8,699999809;11,69999981;137,6000061;0,970000029;344005,5;NA;NA;79;1;779839;1235741;18400;EXISTENTE;SOLIDO;CARBON;RE;DM;DM;DM;DM;DM;71,69999695;533438,375;487029,3125;DM;DM;DM;MR
55023;ANDINA;CTA;CTA;2018/4;29/01/2019;03/10/2018 14:00;2018;10;3;14;94,09999847;192,1000061;129,1999969;366,6000061;2,799999952;4,599999905;7,199999809;8,699999809;13,10000038;138,5;0,970000029;370327,6875;NA;NA;91;1;720684;1375455;17413;EXISTENTE;SOLIDO;CARBON;RE;DM;DM;DM;DM;DM;71,69999695;576219,3125;526088,3125;DM;DM;DM;MR
55024;ANDINA;CTA;CTA;2018/4;29/01/2019;03/10/2018 15:00;2018;10;3;15;128,5;251,8000031;116,0999985;316,5;3,200000048;5,300000191;6,599999905;8,699999809;13,60000038;139,6999969;0,970000029;468514,5938;NA;NA;120;1;943531;1185805;19748;EXISTENTE;SOLIDO;CARBON;RE;DM;DM;DM;DM;DM;71,69999695;731857,3125;668185,6875;DM;DM;DM;MR
55025;ANDINA;CTA;CTA;2018/4;29/01/2019;03/10/2018 16:00;2018;10;3;16;150,6000061;304,5;123,5999985;347,7999878;6,900000095;11,69999981;7;8,699999809;13,10000038;140,1000061;0,970000029;591272;NA;NA;149;1;1124230;1284027;43190;EXISTENTE;SOLIDO;CARBON;RE;DM;DM;DM;DM;DM;71,69999695;926340,8125;845749,125;DM;DM;DM;MR
55026;ANDINA;CTA;CTA;2018/4;29/01/2019;03/10/2018 17:00;2018;10;3;17;157,6999969;324,2000122;112,0999985;320,7000122;8,699999809;14,89999962;7,300000191;8,699999809;12,89999962;139,6000061;0,970000029;618710,375;NA;NA;161;1;1139730;1127251;52363;EXISTENTE;SOLIDO;CARBON;RE;DM;DM;DM;DM;DM;71,69999695;968117,875;883891,6875;DM;DM;DM;MR
55027;ANDINA;CTA;CTA;2018/4;29/01/2019;03/10/2018 18:00;2018;10;3;18;158,3000031;324,3999939;106,0999985;302,3999939;7,300000191;12,39999962;7,199999809;8,699999809;12,89999962;139,3000031;0,970000029;617040;NA;NA;160;1;1148632;1070588;43840;EXISTENTE;SOLIDO;CARBON;RE;DM;DM;DM;DM;DM;71,69999695;963777,375;879928,8125;DM;DM;DM;MR
55028;ANDINA;CTA;CTA;2018/4;29/01/2019;03/10/2018 19:00;2018;10;3;19;153,8000031;316,2000122;125,6999969;359,6000061;6,400000095;11;7,300000191;8,699999809;12,89999962;139,6000061;0,970000029;615124,375;NA;NA;160;1;1111881;1264805;38646;EXISTENTE;SOLIDO;CARBON;RE;DM;DM;DM;DM;DM;71,69999695;960445,1875;876886,5;DM;DM;DM;MR
55029;ANDINA;CTA;CTA;2018/4;29/01/2019;03/10/2018 20:00;2018;10;3;20;149,3999939;305,6000061;135,3999939;385,3999939;5,900000095;10;7,199999809;8,699999809;12,89999962;139,3000031;0,970000029;616058,5;NA;NA;161;1;1075595;1356162;35361;EXISTENTE;SOLIDO;CARBON;RE;DM;DM;DM;DM;DM;71,69999695;961353,6875;877716;DM;DM;DM;MR
55030;ANDINA;CTA;CTA;2018/4;29/01/2019;03/10/2018 21:00;2018;10;3;21;148,5;303,2999878;132,6000061;376,8999939;5,699999809;9,600000381;7,199999809;8,699999809;13;139,1999969;0,970000029;619230,5;NA;NA;159;1;1087561;1351641;34593;EXISTENTE;SOLIDO;CARBON;RE;DM;DM;DM;DM;DM;71,69999695;965133,8125;881167,1875;DM;DM;DM;MR
55031;ANDINA;CTA;CTA;2018/4;29/01/2019;03/10/2018 22:00;2018;10;3;22;149,3000031;304,2000122;132,1000061;374,6000061;5,699999809;9,600000381;7,099999905;8,699999809;13;139,5;0,970000029;618773,6875;NA;NA;160;1;1086048;1337203;34123;EXISTENTE;SOLIDO;CARBON;RE;DM;DM;DM;DM;DM;71,69999695;964101,1875;880224,375;DM;DM;DM;MR
55032;ANDINA;CTA;CTA;2018/4;29/01/2019;03/10/2018 23:00;2018;10;3;23;149,3000031;305,3999939;132,3000031;376,6000061;5,800000191;9,800000191;7,199999809;8,699999809;12,89999962;139,3999939;0,970000029;618240,1875;NA;NA;161;1;1078379;1329430;34652;EXISTENTE;SOLIDO;CARBON;RE;DM;DM;DM;DM;DM;71,69999695;962901,1875;879128,8125;DM;DM;DM;MR
55033;ANDINA;CTA;CTA;2018/4;29/01/2019;04/10/2018 00:00;2018;10;4;0;148,3999939;303,8999939;134;381,7000122;5,800000191;9,899999619;7,199999809;8,699999809;12,89999962;139,6000061;0,970000029;621012,8125;NA;NA;159;1;1090287;1369524;35379;EXISTENTE;SOLIDO;CARBON;RE;DM;DM;DM;DM;DM;91,59999847;967700;883510,125;DM;DM;DM;MR
55034;ANDINA;CTA;CTA;2018/4;29/01/2019;04/10/2018 01:00;2018;10;4;1;148;303,5;129,8000031;370,3999939;7,5;12,80000019;7,199999809;8,699999809;12,89999962;139,6000061;0,970000029;619851,1875;NA;NA;160;1;1078735;1316132;45541;EXISTENTE;SOLIDO;CARBON;RE;DM;DM;DM;DM;DM;91,59999847;966890,8125;882771,3125;DM;DM;DM;MR
55035;ANDINA;CTA;CTA;2018/4;29/01/2019;04/10/2018 02:00;2018;10;4;2;148,6999969;304,2000122;133;378,5;5,800000191;9,899999619;7,199999809;8,699999809;12,89999962;139,3999939;0,970000029;620800,125;NA;NA;160;1;1084984;1350193;35357;EXISTENTE;SOLIDO;CARBON;RE;DM;DM;DM;DM;DM;91,59999847;967852,375;883649,3125;DM;DM;DM;MR
55036;ANDINA;CTA;CTA;2018/4;29/01/2019;04/10/2018 03:00;2018;10;4;3;149,8000031;306,7999878;132,3999939;377,2999878;5,900000095;10,10000038;7,199999809;8,699999809;12,89999962;139,5;0,970000029;619935,1875;NA;NA;160;1;1092036;1342603;35768;EXISTENTE;SOLIDO;CARBON;RE;DM;DM;DM;DM;DM;91,59999847;966864,8125;882747,625;DM;DM;DM;MR
55037;ANDINA;CTA;CTA;2018/4;29/01/2019;04/10/2018 04:00;2018;10;4;4;153,3999939;314,5;129,6999969;370;5,5;9,399999619;7,199999809;8,699999809;12,89999962;140;0,970000029;618588,625;NA;NA;160;1;1115779;1312753;33254;EXISTENTE;SOLIDO;CARBON;RE;DM;DM;DM;DM;DM;91,59999847;965996,6875;881955;DM;DM;DM;MR
55038;ANDINA;CTA;CTA;2018/4;29/01/2019;04/10/2018 05:00;2018;10;4;5;155,3999939;318,7999878;134,3000031;383,2999878;5,699999809;9,699999809;7,199999809;8,699999809;12,89999962;140,1999969;0,970000029;618217,875;NA;NA;159;1;1136802;1366536;34473;EXISTENTE;SOLIDO;CARBON;RE;DM;DM;DM;DM;DM;91,59999847;965854,6875;881825,375;DM;DM;DM;MR
55039;ANDINA;CTA;CTA;2018/4;29/01/2019;04/10/2018 06:00;2018;10;4;6;152,1999969;315,2000122;125,1999969;360,7000122;5,599999905;9,600000381;7,400000095;8,699999809;12,80000019;140,5;0,970000029;611113,6875;NA;NA;156;1;1121504;1283374;33988;EXISTENTE;SOLIDO;CARBON;RE;DM;DM;DM;DM;DM;91,59999847;954485;871444,8125;DM;DM;DM;MR
55040;ANDINA;CTA;CTA;2018/4;29/01/2019;04/10/2018 07:00;2018;10;4;7;154,1999969;315,1000061;124,4000015;353,5;5,900000095;10,10000038;7,199999809;8,699999809;13;140,5;0,970000029;615729,6875;NA;NA;160;1;1116536;1252635;35733;EXISTENTE;SOLIDO;CARBON;RE;DM;DM;DM;DM;DM;91,59999847;961706,375;878037,875;DM;DM;DM;MR
55041;ANDINA;CTA;CTA;2018/4;29/01/2019;04/10/2018 08:00;2018;10;4;8;149,1999969;305,2000122;133,8999939;380,7999878;5,099999905;8,699999809;7,199999809;8,699999809;13;140,3999939;0,970000029;592801,875;NA;NA;154;1;1080646;1348497;30863;EXISTENTE;SOLIDO;CARBON;RE;DM;DM;DM;DM;DM;91,59999847;924690;844242;DM;DM;DM;MR
55042;ANDINA;CTA;CTA;2018/4;29/01/2019;04/10/2018 09:00;2018;10;4;9;122,8000031;257,2000122;99,19999695;289,2000122;3,200000048;5,5;7,5;8,699999809;12,69999981;139,8999939;0,980000019;442397,5938;NA;NA;117;1;873217;981924;18641;EXISTENTE;SOLIDO;CARBON;RE;DM;DM;DM;DM;DM;91,59999847;687778,1875;627941,5;DM;DM;DM;MR
55043;ANDINA;CTA;CTA;2018/4;29/01/2019;04/10/2018 10:00;2018;10;4;10;112,5;286,3999939;46,5;164,6999969;2,900000095;6,099999905;9,899999619;8,699999809;10,39999962;138,8000031;0,980000019;341057,0938;NA;NA;75;1;962601;553641;20426;EXISTENTE;SOLIDO;CARBON;RE;DM;DM;DM;DM;DM;91,59999847;528263,3125;482304,3125;DM;DM;DM;MR
55044;ANDINA;CTA;CTA;2018/4;29/01/2019;04/10/2018 11:00;2018;10;4;11;99,80000305;311,8999939;39,90000153;173,6000061;3;7,699999809;11,89999962;8,699999809;8,5;137,8000031;0,980000019;327766,8125;NA;NA;45;1;1366832;760648;33554;EXISTENTE;SOLIDO;CARBON;HA;DM;DM;DM;DM;DM;91,59999847;506512;462445,5;DM;DM;DM;MR
55045;ANDINA;CTA;CTA;2018/4;29/01/2019;04/10/2018 12:00;2018;10;4;12;50,20000076;396,8999939;20,29999924;223,3999939;2,799999952;17,10000038;17,39999962;8,699999809;3,5;120,9000015;0,980000019;139595;NA;NA;5;2;2637965;1484807;113925;EXISTENTE;SOLIDO;CARBON;HA;DM;DM;DM;DM;DM;91,59999847;206834,5938;188840;DM;DM;DM;MR
55046;ANDINA;CTA;CTA;2018/4;29/01/2019;04/10/2018 13:00;2018;10;4;13;8,300000191;506;0,100000001;6;2,5;110,9000015;20,39999962;8,699999809;0,600000024;97,69999695;0,980000019;21246,09961;NA;NA;0;0;0;0;0;EXISTENTE;SOLIDO;CARBON;DNP;DM;DM;DM;DM;DM;91,59999847;29658,80078;27078,5;DM;DM;DM;MR
55047;ANDINA;CTA;CTA;2018/4;29/01/2019;04/10/2018 14:00;2018;10;4;14;4,099999905;547,5;0;7,699999809;2,5;234,6999969;20,70000076;8,699999809;0,400000006;87,30000305;0,980000019;19828,19922;NA;NA;0;0;0;0;0;EXISTENTE;SOLIDO;CARBON;DNP;DM;DM;DM;DM;DM;91,59999847;26901;24560,59961;DM;DM;DM;MR
55048;ANDINA;CTA;CTA;2018/4;29/01/2019;04/10/2018 15:00;2018;10;4;15;2,900000095;949,2999878;0;5;2,5;572,4000244;20,79999924;8,699999809;0,200000003;79,09999847;0,980000019;17050,09961;NA;NA;0;0;0;0;0;EXISTENTE;SOLIDO;CARBON;DNP;DM;DM;DM;DM;DM;91,59999847;22632;20663;DM;DM;DM;MR
55049;ANDINA;CTA;CTA;2018/4;29/01/2019;04/10/2018 16:00;2018;10;4;16;2,299999952;6367,700195;0;3,900000095;2,5;4771,100098;20,89999962;8,699999809;0,200000003;72,30000305;0,980000019;15249,2002;NA;NA;0;0;0;0;0;EXISTENTE;SOLIDO;CARBON;DNP;DM;DM;DM;DS;DM;91,59999847;19849,30078;18122,40039;DM;DM;DM;MR
55050;ANDINA;CTA;CTA;2018/4;29/01/2019;04/10/2018 17:00;2018;10;4;17;1,899999976;5288,700195;0;0;2,5;4692,5;20,89999962;8,699999809;0,100000001;66,5;0,980000019;15073,2002;NA;NA;0;0;0;0;0;EXISTENTE;SOLIDO;CARBON;DNP;DM;DM;DM;DS;DM;91,59999847;19288,90039;17610,69922;DM;DM;DM;MR
55051;ANDINA;CTA;CTA;2018/4;29/01/2019;04/10/2018 18:00;2018;10;4;18;1,799999952;4913,100098;0;0;2,5;4700,799805;20,89999962;8,699999809;0,100000001;61,09999847;0,980000019;14620,40039;NA;NA;0;0;0;0;0;EXISTENTE;SOLIDO;CARBON;DNP;DM;DM;DM;DS;DM;91,59999847;18391,30078;16791,30078;DM;DM;DM;MR
55052;ANDINA;CTA;CTA;2018/4;29/01/2019;04/10/2018 19:00;2018;10;4;19;1,600000024;4554,399902;0;15,60000038;2,5;4541,5;20,89999962;8,699999809;0,100000001;56,20000076;0,980000019;14868,59961;NA;NA;0;0;0;0;0;EXISTENTE;SOLIDO;CARBON;DNP;DM;DM;DM;DS;DM;91,59999847;18415;16812,90039;DM;DM;DM;MR
55053;ANDINA;CTA;CTA;2018/4;29/01/2019;04/10/2018 20:00;2018;10;4;20;1,5;4299,299805;0;50,70000076;2,599999905;4770,899902;20,89999962;8,699999809;0,100000001;52;0,980000019;14394,7998;NA;NA;0;0;0;0;0;EXISTENTE;SOLIDO;CARBON;DNP;DM;DM;DM;DS;DM;91,59999847;17578,59961;16049,2998;DM;DM;DM;MR
55054;ANDINA;CTA;CTA;2018/4;29/01/2019;04/10/2018 21:00;2018;10;4;21;1,399999976;3907;0;46,79999924;2,900000095;5156,700195;20,89999962;8,699999809;0,100000001;48,40000153;0,980000019;14543,09961;NA;NA;0;0;0;0;0;EXISTENTE;SOLIDO;CARBON;DNP;DM;DM;DM;DS;DM;91,59999847;17567,69922;16039,2998;DM;DM;DM;MR
55055;ANDINA;CTA;CTA;2018/4;29/01/2019;04/10/2018 22:00;2018;10;4;22;1,399999976;3836,899902;0;11,69999981;3,200000048;5796,600098;20,89999962;8,699999809;0,100000001;45,70000076;0,980000019;14254,7002;NA;NA;0;0;0;0;0;EXISTENTE;SOLIDO;CARBON;DNP;DM;DM;DM;DS;DM;91,59999847;17073,59961;15588,2002;DM;DM;DM;MR
55056;ANDINA;CTA;CTA;2018/4;29/01/2019;04/10/2018 23:00;2018;10;4;23;1,299999952;3556,600098;0;0;2,5;4447,799805;20,89999962;8,699999809;0;42,79999924;0,980000019;14689,90039;NA;NA;0;0;0;0;0;EXISTENTE;SOLIDO;CARBON;DNP;DM;DM;DM;DS;DM;91,59999847;17414,69922;15899,59961;DM;DM;DM;MR
55057;ANDINA;CTA;CTA;2018/4;29/01/2019;05/10/2018 00:00;2018;10;5;0;1,100000024;3181,100098;0;0;2,599999905;4481,700195;20,89999962;8,699999809;0;40,5;0,980000019;12816,40039;NA;NA;0;0;0;0;0;EXISTENTE;SOLIDO;CARBON;DNP;DM;DM;DM;DS;DM;23,60000038;15082,2002;13770,09961;DM;DM;DM;MR
55058;ANDINA;CTA;CTA;2018/4;29/01/2019;05/10/2018 01:00;2018;10;5;1;1,5;4083,5;0;7,800000191;15,80000019;28967,90039;20,89999962;8,699999809;0,100000001;54,59999847;0,980000019;79427,89844;NA;NA;0;0;0;0;0;EXISTENTE;SOLIDO;CARBON;DNP;DM;DM;DM;DS;DM;23,60000038;97796,20313;89287,89844;DM;DM;DM;MR
55059;ANDINA;CTA;CTA;2018/4;29/01/2019;05/10/2018 02:00;2018;10;5;2;9,100000381;118,5999985;8,699999809;156,6000061;8;75,30000305;18,70000076;8,699999809;1,5;90,30000305;0,980000019;200718,7969;NA;NA;0;0;0;0;0;EXISTENTE;SOLIDO;CARBON;DNP;DM;DM;DM;DM;DM;23,60000038;274620,8125;250728,7969;DM;DM;DM;MR
55060;ANDINA;CTA;CTA;2018/4;29/01/2019;05/10/2018 03:00;2018;10;5;3;14,30000019;131,3000031;14,89999962;190;3,900000095;26;17,79999924;8,699999809;2,5;88,5;0,980000019;212432,0938;NA;NA;0;0;0;0;0;EXISTENTE;SOLIDO;CARBON;DNP;DM;DM;DM;DM;DM;23,60000038;289158,6875;264001,9063;DM;DM;DM;MR
55061;ANDINA;CTA;CTA;2018/4;29/01/2019;05/10/2018 04:00;2018;10;5;4;18,70000076;142,1999969;12,69999981;134,1999969;3,200000048;17,89999962;17,20000076;8,699999809;3;93,40000153;0,980000019;307289,0938;NA;NA;0;0;0;0;0;EXISTENTE;SOLIDO;CARBON;HE;DM;DM;DM;DM;DM;23,60000038;424425;387500;DM;DM;DM;MR
55062;ANDINA;CTA;CTA;2018/4;29/01/2019;05/10/2018 05:00;2018;10;5;5;24,39999962;142,6999969;10,10000038;82,09999847;4,5;19,20000076;16,10000038;8,699999809;3,799999952;93,69999695;0,980000019;359295,0938;NA;NA;0;0;0;0;0;EXISTENTE;SOLIDO;CARBON;HE;DM;DM;DM;DM;DM;23,60000038;496627,5;453420,9063;DM;DM;DM;MR
55063;ANDINA;CTA;CTA;2018/4;29/01/2019;05/10/2018 06:00;2018;10;5;6;32,59999847;169,3999939;8,5;61,79999924;6,400000095;24,10000038;15,5;8,699999809;4,300000191;89,5;0,980000019;362680,3125;NA;NA;0;0;0;0;0;EXISTENTE;SOLIDO;CARBON;HE;DM;DM;DM;DM;DM;23,60000038;495589,0938;452472,9063;DM;DM;DM;MR
55064;ANDINA;CTA;CTA;2018/4;29/01/2019;05/10/2018 07:00;2018;10;5;7;24,20000076;128,5;5,699999809;41,90000153;5,099999905;19,79999924;15,60000038;8,699999809;4,199999809;88,80000305;0,980000019;363860,0938;NA;NA;0;0;0;0;0;EXISTENTE;SOLIDO;CARBON;HE;DM;DM;DM;DM;DM;23,60000038;495697,5938;452571,9063;DM;DM;DM;MR
55065;ANDINA;CTA;CTA;2018/4;29/01/2019;05/10/2018 08:00;2018;10;5;8;24,10000038;128,6999969;4,199999809;31,29999924;4,5;17,5;15,60000038;8,699999809;4,199999809;89,40000153;0,980000019;367292,8125;NA;NA;0;0;0;0;0;EXISTENTE;SOLIDO;CARBON;HE;DM;DM;DM;DM;DM;23,60000038;501217,4063;457611,5;DM;DM;DM;MR
55066;ANDINA;CTA;CTA;2018/4;29/01/2019;05/10/2018 09:00;2018;10;5;9;37,29999924;179,8000031;6,400000095;42,90000153;4,300000191;15,19999981;15,10000038;8,699999809;4,699999809;90,5;0,980000019;372531,0938;NA;NA;0;0;0;0;0;EXISTENTE;SOLIDO;CARBON;HE;DM;DM;DM;DM;DM;23,60000038;509889,8125;465529,4063;DM;DM;DM;MR
55067;ANDINA;CTA;CTA;2018/4;29/01/2019;05/10/2018 10:00;2018;10;5;10;44,70000076;202,8999939;7,199999809;45,40000153;3,900000095;12,80000019;14,69999981;8,699999809;5,099999905;90,90000153;0,980000019;374895,8125;NA;NA;0;0;0;0;0;EXISTENTE;SOLIDO;CARBON;HE;DM;DM;DM;DM;DM;23,60000038;513664,0938;468975,4063;DM;DM;DM;MR
55068;ANDINA;CTA;CTA;2018/4;29/01/2019;05/10/2018 11:00;2018;10;5;11;56,40000153;226,6999969;12,89999962;72,40000153;4,5;13,30000019;13,89999962;8,699999809;5,800000191;91;0,980000019;374886,6875;NA;NA;0;0;0;0;0;EXISTENTE;SOLIDO;CARBON;HE;DM;DM;DM;DM;DM;23,60000038;514421,4063;469666,8125;DM;DM;DM;MR
55069;ANDINA;CTA;CTA;2018/4;29/01/2019;05/10/2018 12:00;2018;10;5;12;56,5;226,8999939;16,39999962;91,59999847;3,799999952;11;13,89999962;8,699999809;5,800000191;90,59999847;0,970000029;376437,4063;NA;NA;0;0;0;0;0;EXISTENTE;SOLIDO;CARBON;HE;DM;DM;DM;DM;DM;23,60000038;516494,6875;471559,6875;DM;DM;DM;MR
55070;ANDINA;CTA;CTA;2018/4;29/01/2019;05/10/2018 13:00;2018;10;5;13;59,90000153;225,5;24,29999924;127,4000015;3,5;9,699999809;13,5;8,699999809;6,199999809;91,80000305;0,970000029;379775,8125;NA;NA;15;3;2850670;1610075;122837;EXISTENTE;SOLIDO;CARBON;HE;DM;DM;DM;DM;DM;23,60000038;522712,3125;477236,3125;DM;DM;DM;MR
55071;ANDINA;CTA;CTA;2018/4;29/01/2019;05/10/2018 14:00;2018;10;5;14;78,30000305;254,8000031;47,90000153;216,8999939;3,099999905;7,599999905;12,30000019;8,699999809;7,300000191;100,0999985;0,970000029;381678,9063;NA;NA;37;1;1519428;1293542;45161;EXISTENTE;SOLIDO;CARBON;HE;DM;DM;DM;DM;DM;23,60000038;537804,875;491015,9063;DM;DM;DM;MR
55072;ANDINA;CTA;CTA;2018/4;29/01/2019;05/10/2018 15:00;2018;10;5;15;105;285,7000122;111,3000031;421,2999878;3;6,199999809;10,60000038;8,699999809;9,100000381;107,6999969;0,970000029;354452,1875;NA;NA;60;1;1166802;1720515;25162;EXISTENTE;SOLIDO;CARBON;HE;DM;DM;DM;DM;DM;23,60000038;510739,5;466305,0938;DM;DM;DM;MR
55073;ANDINA;CTA;CTA;2018/4;29/01/2019;05/10/2018 16:00;2018;10;5;16;121,8000031;286,8999939;108,1999969;354,7000122;2,900000095;5,400000095;9;8,699999809;11,10000038;116,3000031;0,970000029;378039,5938;NA;NA;78;1;1109943;1371909;21052;EXISTENTE;SOLIDO;CARBON;RE;DM;DM;DM;DM;DM;23,60000038;557578,6875;509069,3125;DM;DM;DM;MR
55074;ANDINA;CTA;CTA;2018/4;29/01/2019;05/10/2018 17:00;2018;10;5;17;123,0999985;245,6000061;120,4000015;334,2000122;3,099999905;5;6,900000095;8,699999809;13,39999962;128,1000061;0,970000029;440139,9063;NA;NA;109;1;935082;1272061;19177;EXISTENTE;SOLIDO;CARBON;RE;DM;DM;DM;DM;DM;23,60000038;669523,125;611274,625;DM;DM;DM;MR
55075;ANDINA;CTA;CTA;2018/4;29/01/2019;05/10/2018 18:00;2018;10;5;18;150,5;294,7999878;130,1999969;354,7999878;4,5;7,300000191;6,599999905;8,699999809;13,5;136,6999969;0,970000029;566292,6875;NA;NA;146;1;1097743;1321385;27277;EXISTENTE;SOLIDO;CARBON;RE;DM;DM;DM;DM;DM;23,60000038;878930,6875;802463,8125;DM;DM;DM;MR
55076;ANDINA;CTA;CTA;2018/4;29/01/2019;05/10/2018 19:00;2018;10;5;19;161,1000061;322,7999878;132,6999969;369,8999939;5,199999809;8,699999809;6,900000095;8,699999809;13,19999981;137,8000031;0,970000029;613521,625;NA;NA;161;1;1154837;1323133;31117;EXISTENTE;SOLIDO;CARBON;RE;DM;DM;DM;DM;DM;23,60000038;954812,875;871744,1875;DM;DM;DM;MR
55077;ANDINA;CTA;CTA;2018/4;29/01/2019;05/10/2018 20:00;2018;10;5;20;157,6000061;316,3999939;129,5;361,7999878;5,300000191;8,800000191;6,900000095;8,699999809;13,19999981;138,6999969;0,970000029;618750,8125;NA;NA;162;1;1131907;1294137;31509;EXISTENTE;SOLIDO;CARBON;RE;DM;DM;DM;DM;DM;23,60000038;964183,1875;880299,1875;DM;DM;DM;MR
55078;ANDINA;CTA;CTA;2018/4;29/01/2019;05/10/2018 21:00;2018;10;5;21;157,8999939;316,2000122;131,1999969;365,3999939;5;8,399999619;6,900000095;8,699999809;13,19999981;139,1999969;0,970000029;614317,125;NA;NA;161;1;1133425;1309830;29990;EXISTENTE;SOLIDO;CARBON;RE;DM;DM;DM;DM;DM;23,60000038;958382,875;875003,625;DM;DM;DM;MR
55079;ANDINA;CTA;CTA;2018/4;29/01/2019;05/10/2018 22:00;2018;10;5;22;160;320,8999939;134,6000061;375,5;5,300000191;8,899999619;6,900000095;8,699999809;13,19999981;139,8000031;0,970000029;616669,1875;NA;NA;161;1;1152829;1348735;31824;EXISTENTE;SOLIDO;CARBON;RE;DM;DM;DM;DM;DM;23,60000038;962563,5;878820,5;DM;DM;DM;MR
55080;ANDINA;CTA;CTA;2018/4;29/01/2019;05/10/2018 23:00;2018;10;5;23;162,1000061;326;138,8000031;388,2999878;5,400000095;9,100000381;7;8,699999809;13,10000038;140,3000031;0,970000029;615888;NA;NA;161;1;1166703;1389594;32426;EXISTENTE;SOLIDO;CARBON;RE;DM;DM;DM;DM;DM;23,60000038;962312,5;878591,3125;DM;DM;DM;MR
55081;ANDINA;CTA;CTA;2018/4;29/01/2019;06/10/2018 00:00;2018;10;6;0;163,3999939;328,8999939;128,6000061;360,1000061;5,5;9,100000381;7;8,699999809;13,10000038;140,3000031;0,970000029;615158;NA;NA;161;1;1174584;1286075;32659;EXISTENTE;SOLIDO;CARBON;RE;DM;DM;DM;DM;DM;44,90000153;962320;878598,125;DM;DM;DM;MR
55082;ANDINA;CTA;CTA;2018/4;29/01/2019;06/10/2018 01:00;2018;10;6;1;164,1000061;330,5;130,5;365,5;5,5;9,199999809;7;8,699999809;13,10000038;140,5;0,970000029;618192,125;NA;NA;161;1;1185541;1311038;32936;EXISTENTE;SOLIDO;CARBON;RE;DM;DM;DM;DM;DM;44,90000153;967457;883288,3125;DM;DM;DM;MR
55083;ANDINA;CTA;CTA;2018/4;29/01/2019;06/10/2018 02:00;2018;10;6;2;164,1999969;332;137,6999969;387,5;6,599999905;11,19999981;7;8,699999809;13,10000038;140,6999969;0,970000029;617337,3125;NA;NA;160;1;1191432;1390371;40098;EXISTENTE;SOLIDO;CARBON;RE;DM;DM;DM;DM;DM;44,90000153;966509,3125;882423;DM;DM;DM;MR
55084;ANDINA;CTA;CTA;2018/4;29/01/2019;06/10/2018 03:00;2018;10;6;3;161,8000031;329,3999939;131,3000031;371,7000122;5,5;9,399999619;7,099999905;8,699999809;13;140,5;0,970000029;617620,3125;NA;NA;162;1;1160611;1309682;33019;EXISTENTE;SOLIDO;CARBON;RE;DM;DM;DM;DM;DM;44,90000153;966583,1875;882490,375;DM;DM;DM;MR
55085;ANDINA;CTA;CTA;2018/4;29/01/2019;06/10/2018 04:00;2018;10;6;4;162,6999969;330,5;127,5999985;360,7999878;5,699999809;9,600000381;7,099999905;8,699999809;13;140,3000031;0,970000029;615526,125;NA;NA;160;1;1177039;1285122;34131;EXISTENTE;SOLIDO;CARBON;RE;DM;DM;DM;DM;DM;44,90000153;962779,375;879017,625;DM;DM;DM;MR
55086;ANDINA;CTA;CTA;2018/4;29/01/2019;06/10/2018 05:00;2018;10;6;5;161;327,1000061;135,8000031;384;5,699999809;9,600000381;7,099999905;8,699999809;13;140,3000031;0,970000029;615877,8125;NA;NA;162;1;1151251;1351534;33748;EXISTENTE;SOLIDO;CARBON;RE;DM;DM;DM;DM;DM;44,90000153;964397,3125;880494,6875;DM;DM;DM;MR
55087;ANDINA;CTA;CTA;2018/4;29/01/2019;06/10/2018 06:00;2018;10;6;6;161,5;327,5;129;363,8999939;5,5;9,199999809;7,099999905;8,699999809;13,10000038;140,3000031;0,970000029;612256,125;NA;NA;161;1;1155581;1284228;32481;EXISTENTE;SOLIDO;CARBON;RE;DM;DM;DM;DM;DM;44,90000153;958658,8125;875255,5;DM;DM;DM;MR
55088;ANDINA;CTA;CTA;2018/4;29/01/2019;06/10/2018 07:00;2018;10;6;7;159,3000031;323,1000061;133;375,3999939;5,300000191;8,899999619;7,099999905;8,699999809;13;140,3000031;0,970000029;613368,375;NA;NA;161;1;1141413;1326331;31480;EXISTENTE;SOLIDO;CARBON;RE;DM;DM;DM;DM;DM;44,90000153;959552,875;876071,8125;DM;DM;DM;MR
55089;ANDINA;CTA;CTA;2018/4;29/01/2019;06/10/2018 08:00;2018;10;6;8;160,3999939;324,1000061;124,5;350;5,599999905;9,399999619;7;8,699999809;13,10000038;140,8000031;0,970000029;613529,125;NA;NA;161;1;1149525;1241642;33412;EXISTENTE;SOLIDO;CARBON;RE;DM;DM;DM;DM;DM;44,90000153;959751,375;876253;DM;DM;DM;MR
55090;ANDINA;CTA;CTA;2018/4;29/01/2019;06/10/2018 09:00;2018;10;6;9;159,8000031;322,5;127,9000015;359,2000122;5,699999809;9,5;7;8,699999809;13,10000038;140,8000031;0,970000029;614742,625;NA;NA;161;1;1147597;1278262;33799;EXISTENTE;SOLIDO;CARBON;RE;DM;DM;DM;DM;DM;44,90000153;961758,875;878085,875;DM;DM;DM;MR
55091;ANDINA;CTA;CTA;2018/4;29/01/2019;06/10/2018 10:00;2018;10;6;10;158,6000061;319,2999878;131,6000061;368,6000061;5,5;9,100000381;7;8,699999809;13,10000038;140,8000031;0,970000029;616992,5;NA;NA;161;1;1143573;1320087;32653;EXISTENTE;SOLIDO;CARBON;RE;DM;DM;DM;DM;DM;44,90000153;964258,8125;880368,3125;DM;DM;DM;MR
55092;ANDINA;CTA;CTA;2018/4;29/01/2019;06/10/2018 11:00;2018;10;6;11;155,5;313,6000061;126;353,6000061;5,099999905;8,5;7;8,699999809;13,10000038;140,6999969;0,970000029;603691,6875;NA;NA;157;1;1124782;1268276;30576;EXISTENTE;SOLIDO;CARBON;RE;DM;DM;DM;DM;DM;44,90000153;944214,375;862067,6875;DM;DM;DM;MR
55093;ANDINA;CTA;CTA;2018/4;29/01/2019;06/10/2018 12:00;2018;10;6;12;136;275,6000061;127,9000015;360,6000061;3,299999952;5,599999905;7,099999905;8,699999809;13,10000038;140,5;0,970000029;505090,5938;NA;NA;131;1;986621;1290673;19944;EXISTENTE;SOLIDO;CARBON;RE;DM;DM;DM;DM;DM;44,90000153;788830,8125;720202,5;DM;DM;DM;MR
55094;ANDINA;CTA;CTA;2018/4;29/01/2019;06/10/2018 13:00;2018;10;6;13;120,4000015;250,3999939;119,3000031;345,2000122;2,799999952;4,800000191;7,400000095;8,699999809;12,80000019;140;0,970000029;393706,0938;NA;NA;101;1;882896;1217278;16868;EXISTENTE;SOLIDO;CARBON;RE;DM;DM;DM;DM;DM;44,90000153;614146,625;560715,8125;DM;DM;DM;MR
55095;ANDINA;CTA;CTA;2018/4;29/01/2019;06/10/2018 14:00;2018;10;6;14;115,9000015;254;81,09999847;247,3000031;2,700000048;4,800000191;8,100000381;8,699999809;12,10000038;139,5;0,970000029;347153,0938;NA;NA;79;1;957687;932454;18198;EXISTENTE;SOLIDO;CARBON;RE;DM;DM;DM;DM;DM;44,90000153;540864,6875;493809,5;DM;DM;DM;MR
55096;ANDINA;CTA;CTA;2018/4;29/01/2019;06/10/2018 15:00;2018;10;6;15;112,3000031;246,5;110,5;337,3999939;2,700000048;4,900000095;8,100000381;8,699999809;12,10000038;140,3000031;0,970000029;348573,5938;NA;NA;78;1;944396;1292495;18822;EXISTENTE;SOLIDO;CARBON;RE;DM;DM;DM;DM;DM;44,90000153;544161,125;496819,0938;DM;DM;DM;MR
55097;ANDINA;CTA;CTA;2018/4;29/01/2019;06/10/2018 16:00;2018;10;6;16;110,5;241,6000061;117,4000015;357;2,599999905;4,800000191;8,100000381;8,699999809;12,10000038;139,8999939;0,970000029;342143,1875;NA;NA;79;1;900535;1330548;17722;EXISTENTE;SOLIDO;CARBON;RE;DM;DM;DM;DM;DM;44,90000153;533552,6875;487133,5938;DM;DM;DM;MR
55098;ANDINA;CTA;CTA;2018/4;29/01/2019;06/10/2018 17:00;2018;10;6;17;117,1999969;236,3000031;121,8000031;341,5;2,700000048;4,5;7;8,699999809;13,39999962;140,3999939;0,970000029;390553,4063;NA;NA;96;1;897221;1296751;17098;EXISTENTE;SOLIDO;CARBON;RE;DM;DM;DM;DM;DM;44,90000153;609743,125;556695,5;DM;DM;DM;MR
55099;ANDINA;CTA;CTA;2018/4;29/01/2019;06/10/2018 18:00;2018;10;6;18;154,6000061;304;121,6999969;332,8999939;3,700000048;6,099999905;6,599999905;8,699999809;13,5;141,1999969;0,970000029;536117,625;NA;NA;135;1;1155056;1264796;23123;EXISTENTE;SOLIDO;CARBON;RE;DM;DM;DM;DM;DM;44,90000153;839587,625;766543,5;DM;DM;DM;MR
55100;ANDINA;CTA;CTA;2018/4;29/01/2019;06/10/2018 19:00;2018;10;6;19;171,3999939;345,6000061;120,0999985;336,8999939;6,099999905;10,30000019;7;8,699999809;13,10000038;140,8000031;0,970000029;619498,8125;NA;NA;161;1;1240564;1209477;36885;EXISTENTE;SOLIDO;CARBON;RE;DM;DM;DM;DM;DM;44,90000153;971287,3125;886785,3125;DM;DM;DM;MR
55101;ANDINA;CTA;CTA;2018/4;29/01/2019;06/10/2018 20:00;2018;10;6;20;166,3000031;336;125,0999985;351,7999878;6,199999809;10,5;7;8,699999809;13,10000038;140,3999939;0,970000029;617702;NA;NA;163;1;1185135;1240709;36896;EXISTENTE;SOLIDO;CARBON;RE;DM;DM;DM;DM;DM;44,90000153;967522,8125;883348,375;DM;DM;DM;MR
55102;ANDINA;CTA;CTA;2018/4;29/01/2019;06/10/2018 21:00;2018;10;6;21;162,6000061;329,7000122;127,9000015;360,7000122;6,300000191;10,60000038;7,099999905;8,699999809;13,10000038;140,3999939;0,970000029;616615,6875;NA;NA;161;1;1171345;1281565;37591;EXISTENTE;SOLIDO;CARBON;RE;DM;DM;DM;DM;DM;44,90000153;965865,6875;881835,375;DM;DM;DM;MR
55103;ANDINA;CTA;CTA;2018/4;29/01/2019;06/10/2018 22:00;2018;10;6;22;159,3999939;324,2000122;121,5999985;344,2000122;6,199999809;10,5;7,099999905;8,699999809;13;140,6000061;0,970000029;621095,125;NA;NA;163;1;1142377;1212712;37124;EXISTENTE;SOLIDO;CARBON;RE;DM;DM;DM;DM;DM;44,90000153;971305,1875;886801,6875;DM;DM;DM;MR
55104;ANDINA;CTA;CTA;2018/4;29/01/2019;06/10/2018 23:00;2018;10;6;23;154,3000031;313,6000061;132,6000061;375;6,099999905;10,30000019;7,099999905;8,699999809;13;140,5;0,970000029;617085,125;NA;NA;161;1;1112577;1330517;36648;EXISTENTE;SOLIDO;CARBON;RE;DM;DM;DM;DM;DM;44,90000153;964724;880793;DM;DM;DM;MR
55105;ANDINA;CTA;CTA;2018/4;29/01/2019;07/10/2018 00:00;2018;10;7;0;151,3999939;306;134,1000061;377;6,099999905;10,19999981;7;8,699999809;13,10000038;140,8999939;0,970000029;616931,6875;NA;NA;163;1;1077936;1327821;36073;EXISTENTE;SOLIDO;CARBON;RE;DM;DM;DM;DM;DM;74,30000305;965335,3125;881351,125;DM;DM;DM;MR
55106;ANDINA;CTA;CTA;2018/4;29/01/2019;07/10/2018 01:00;2018;10;7;1;153,3999939;308,5;118;330;6;10,10000038;7;8,699999809;13,19999981;140,6000061;0,970000029;615507,3125;NA;NA;161;1;1103448;1180334;36029;EXISTENTE;SOLIDO;CARBON;RE;DM;DM;DM;DM;DM;74,30000305;962443,5;878710,875;DM;DM;DM;MR
55107;ANDINA;CTA;CTA;2018/4;29/01/2019;07/10/2018 02:00;2018;10;7;2;151;304,8999939;131,6000061;369,6000061;6,099999905;10,30000019;7;8,699999809;13,10000038;140,6000061;0,970000029;616877,6875;NA;NA;161;1;1088333;1319080;36799;EXISTENTE;SOLIDO;CARBON;RE;DM;DM;DM;DM;DM;74,30000305;965715,125;881697,8125;DM;DM;DM;MR
55108;ANDINA;CTA;CTA;2018/4;29/01/2019;07/10/2018 03:00;2018;10;7;3;151;306,3999939;130,1000061;367,1000061;6,400000095;10,80000019;7,099999905;8,699999809;13,10000038;140,6999969;0,970000029;618536,3125;NA;NA;162;1;1084782;1299714;38270;EXISTENTE;SOLIDO;CARBON;RE;DM;DM;DM;DM;DM;74,30000305;968550,3125;884286,375;DM;DM;DM;MR
55109;ANDINA;CTA;CTA;2018/4;29/01/2019;07/10/2018 04:00;2018;10;7;4;150,6999969;305,1000061;133,8999939;377,2999878;6,300000191;10,60000038;7,099999905;8,699999809;13,10000038;140,5;0,970000029;620050,6875;NA;NA;162;1;1084644;1341419;37609;EXISTENTE;SOLIDO;CARBON;RE;DM;DM;DM;DM;DM;74,30000305;970325,6875;885907,375;DM;DM;DM;MR
55110;ANDINA;CTA;CTA;2018/4;29/01/2019;07/10/2018 05:00;2018;10;7;5;150;303,6000061;123,3000031;347,3999939;6,400000095;10,69999981;7,099999905;8,699999809;13,10000038;140,3999939;0,970000029;615129,625;NA;NA;161;1;1077833;1233302;37954;EXISTENTE;SOLIDO;CARBON;RE;DM;DM;DM;DM;DM;74,30000305;961539;877885,125;DM;DM;DM;MR
55111;ANDINA;CTA;CTA;2018/4;29/01/2019;07/10/2018 06:00;2018;10;7;6;149,5;302,7000122;128,1999969;361,2999878;6,199999809;10,5;7,099999905;8,699999809;13,10000038;140,8000031;0,970000029;613413,875;NA;NA;160;1;1078133;1286732;37329;EXISTENTE;SOLIDO;CARBON;RE;DM;DM;DM;DM;DM;74,30000305;959615,1875;876128,6875;DM;DM;DM;MR
55112;ANDINA;CTA;CTA;2018/4;29/01/2019;07/10/2018 07:00;2018;10;7;7;148,1999969;301,1000061;129,3999939;365,7999878;6,300000191;10,69999981;7,099999905;8,699999809;13;140,6999969;0,970000029;618073,125;NA;NA;159;1;1083532;1316165;38362;EXISTENTE;SOLIDO;CARBON;RE;DM;DM;DM;DM;DM;74,30000305;966808,3125;882695,875;DM;DM;DM;MR
55113;ANDINA;CTA;CTA;2018/4;29/01/2019;07/10/2018 08:00;2018;10;7;8;148,1999969;301,7000122;131,8999939;373,6000061;6,5;10,89999962;7,099999905;8,699999809;13;141;0,970000029;619388,1875;NA;NA;160;1;1079094;1336191;39156;EXISTENTE;SOLIDO;CARBON;RE;DM;DM;DM;DM;DM;74,30000305;968610,875;884341,6875;DM;DM;DM;MR
55114;ANDINA;CTA;CTA;2018/4;29/01/2019;07/10/2018 09:00;2018;10;7;9;134,3000031;273,1000061;126,0999985;356,7999878;4,400000095;7,400000095;7,099999905;8,699999809;13,10000038;140,6999969;0,970000029;554303;NA;NA;144;1;972606;1270614;26417;EXISTENTE;SOLIDO;CARBON;RE;DM;DM;DM;DM;DM;74,30000305;866138,8125;790784,6875;DM;DM;DM;MR
55115;ANDINA;CTA;CTA;2018/4;29/01/2019;07/10/2018 10:00;2018;10;7;10;116,4000015;242,6000061;126,8000031;367,7999878;3,099999905;5,300000191;7,5;8,699999809;12,80000019;140,1000061;0,970000029;432371,4063;NA;NA;111;1;852534;1292599;18519;EXISTENTE;SOLIDO;CARBON;RE;DM;DM;DM;DM;DM;74,30000305;673983,6875;615347,1875;DM;DM;DM;MR
55116;ANDINA;CTA;CTA;2018/4;29/01/2019;07/10/2018 11:00;2018;10;7;11;108,5;247,1999969;100;317,2000122;2,700000048;5,199999809;8,600000381;8,699999809;11,60000038;139,1000061;0,980000019;346632,6875;NA;NA;77;1;918437;1178289;19213;EXISTENTE;SOLIDO;CARBON;RE;DM;DM;DM;DM;DM;74,30000305;538368,875;491530,8125;DM;DM;DM;MR
55117;ANDINA;CTA;CTA;2018/4;29/01/2019;07/10/2018 12:00;2018;10;7;12;101,6999969;220,8999939;117,3000031;354,7000122;2,700000048;4,800000191;8;8,699999809;12,30000019;139,3999939;0,980000019;350070,9063;NA;NA;77;1;869412;1395822;18967;EXISTENTE;SOLIDO;CARBON;RE;DM;DM;DM;DM;DM;74,30000305;544144,125;496803,5938;DM;DM;DM;MR
55118;ANDINA;CTA;CTA;2018/4;29/01/2019;07/10/2018 13:00;2018;10;7;13;108,6999969;241,8999939;99,69999695;308,6000061;2,599999905;4,800000191;8,300000191;8,699999809;11,89999962;139,5;0,970000029;346880,9063;NA;NA;76;1;933197;1190432;18695;EXISTENTE;SOLIDO;CARBON;RE;DM;DM;DM;DM;DM;74,30000305;539821,6875;492857,1875;DM;DM;DM;MR
55119;ANDINA;CTA;CTA;2018/4;29/01/2019;07/10/2018 14:00;2018;10;7;14;105,1999969;233,3999939;111,8000031;345;2,700000048;4,900000095;8,300000191;8,699999809;12;139,6000061;0,970000029;347741,8125;NA;NA;76;1;905794;1338885;18904;EXISTENTE;SOLIDO;CARBON;RE;DM;DM;DM;DM;DM;74,30000305;541334,5;494238,4063;DM;DM;DM;MR
55120;ANDINA;CTA;CTA;2018/4;29/01/2019;07/10/2018 15:00;2018;10;7;15;106,4000015;235,6000061;104,3000031;321,2000122;2,599999905;4,800000191;8,199999809;8,699999809;12;139,6000061;0,970000029;348520,8125;NA;NA;76;1;918010;1251732;18701;EXISTENTE;SOLIDO;CARBON;RE;DM;DM;DM;DM;DM;74,30000305;543081,125;495833,0938;DM;DM;DM;MR
55121;ANDINA;CTA;CTA;2018/4;29/01/2019;07/10/2018 16:00;2018;10;7;16;103,0999985;224,3999939;120,3000031;364,5;2,599999905;4,699999809;8;8,699999809;12,19999981;139,6999969;0,970000029;346617,1875;NA;NA;77;1;872706;1417392;18249;EXISTENTE;SOLIDO;CARBON;RE;DM;DM;DM;DM;DM;74,30000305;540252,3125;493250,3125;DM;DM;DM;MR
55122;ANDINA;CTA;CTA;2018/4;29/01/2019;07/10/2018 17:00;2018;10;7;17;115,5;232;115,3000031;322,1000061;2,799999952;4,699999809;6,900000095;8,699999809;13,39999962;140,6999969;0,970000029;412891,0938;NA;NA;97;1;925004;1284534;18748;EXISTENTE;SOLIDO;CARBON;RE;DM;DM;DM;DM;DM;74,30000305;645784,625;589601,375;DM;DM;DM;MR
55123;ANDINA;CTA;CTA;2018/4;29/01/2019;07/10/2018 18:00;2018;10;7;18;168,1000061;331,7999878;92;252,6999969;5,900000095;9,699999809;6,699999809;8,699999809;13,5;142,3000031;0,970000029;597887;NA;NA;152;1;1243917;947398;36372;EXISTENTE;SOLIDO;CARBON;RE;DM;DM;DM;DM;DM;74,30000305;939760,6875;858001,5;DM;DM;DM;MR
55124;ANDINA;CTA;CTA;2018/4;29/01/2019;07/10/2018 19:00;2018;10;7;19;161,5;328,3999939;135,8000031;384,2000122;7;11,89999962;7,099999905;8,699999809;13;141,3000031;0,970000029;617826,625;NA;NA;160;1;1172852;1371909;42374;EXISTENTE;SOLIDO;CARBON;RE;DM;DM;DM;DM;DM;74,30000305;967718,5;883527;DM;DM;DM;MR
55125;ANDINA;CTA;CTA;2018/4;29/01/2019;07/10/2018 20:00;2018;10;7;20;160,5;324,7000122;119,5;336,3999939;6,5;10,89999962;7;8,699999809;13,10000038;141,1000061;0,970000029;616096,3125;NA;NA;160;1;1162759;1204416;39122;EXISTENTE;SOLIDO;CARBON;RE;DM;DM;DM;DM;DM;74,30000305;964489,125;880578,5;DM;DM;DM;MR
55126;ANDINA;CTA;CTA;2018/4;29/01/2019;07/10/2018 21:00;2018;10;7;21;158,3000031;322,1000061;130,8999939;370,7000122;6,5;11,10000038;7,099999905;8,699999809;13;141;0,970000029;619106,3125;NA;NA;161;1;1144648;1317113;39312;EXISTENTE;SOLIDO;CARBON;RE;DM;DM;DM;DM;DM;74,30000305;968064,8125;883843,1875;DM;DM;DM;MR
55127;ANDINA;CTA;CTA;2018/4;29/01/2019;07/10/2018 22:00;2018;10;7;22;156;318;133,1000061;377,2999878;6,300000191;10,60000038;7,099999905;8,699999809;13;140,6000061;0,970000029;620641,6875;NA;NA;160;1;1138365;1350823;38100;EXISTENTE;SOLIDO;CARBON;RE;DM;DM;DM;DM;DM;74,30000305;968530,625;884268,5;DM;DM;DM;MR
55128;ANDINA;CTA;CTA;2018/4;29/01/2019;07/10/2018 23:00;2018;10;7;23;155,1000061;316,3999939;127,3000031;361,2000122;6,300000191;10,69999981;7,199999809;8,699999809;13;140,8999939;0,970000029;616375,8125;NA;NA;159;1;1131184;1291327;38109;EXISTENTE;SOLIDO;CARBON;RE;DM;DM;DM;DM;DM;74,30000305;963637,125;879800,6875;DM;DM;DM;MR
55129;ANDINA;CTA;CTA;2018/4;29/01/2019;08/10/2018 00:00;2018;10;8;0;154,6999969;313,7000122;128,1999969;361,6000061;6,300000191;10,60000038;7,099999905;8,699999809;13,10000038;140,8000031;0,970000029;618297;NA;NA;161;1;1117384;1287954;37622;EXISTENTE;SOLIDO;CARBON;RE;DM;DM;DM;DM;DM;80,80000305;965291,375;881311;DM;DM;DM;MR
55130;ANDINA;CTA;CTA;2018/4;29/01/2019;08/10/2018 01:00;2018;10;8;1;153,3000031;311;136,1000061;384,2000122;6,800000191;11,5;7,099999905;8,699999809;13,10000038;140,8999939;0,970000029;620086,375;NA;NA;159;1;1124415;1388996;41554;EXISTENTE;SOLIDO;CARBON;RE;DM;DM;DM;DM;DM;80,80000305;968358,625;884111,375;DM;DM;DM;MR
55131;ANDINA;CTA;CTA;2018/4;29/01/2019;08/10/2018 02:00;2018;10;8;2;155;317;121;344,1000061;6,400000095;10,89999962;7,199999809;8,699999809;13;141;0,970000029;617996,3125;NA;NA;161;1;1119383;1215092;38581;EXISTENTE;SOLIDO;CARBON;RE;DM;DM;DM;DM;DM;80,80000305;965267,125;881288,875;DM;DM;DM;MR
55132;ANDINA;CTA;CTA;2018/4;29/01/2019;08/10/2018 03:00;2018;10;8;3;153,1999969;308,5;131,5;368,3999939;5,800000191;9,699999809;7;8,699999809;13,19999981;141;0,970000029;615521,8125;NA;NA;160;1;1108742;1323984;35023;EXISTENTE;SOLIDO;CARBON;RE;DM;DM;DM;DM;DM;80,80000305;962511;878772,625;DM;DM;DM;MR
55133;ANDINA;CTA;CTA;2018/4;29/01/2019;08/10/2018 04:00;2018;10;8;4;152,8000031;308,7000122;135,5;381;6;10;7;8,699999809;13,10000038;141,1000061;0,970000029;619814,6875;NA;NA;160;1;1113269;1374063;36237;EXISTENTE;SOLIDO;CARBON;RE;DM;DM;DM;DM;DM;80,80000305;968406,5;884155,1875;DM;DM;DM;MR
55134;ANDINA;CTA;CTA;2018/4;29/01/2019;08/10/2018 05:00;2018;10;8;5;152,5;308,6000061;128,6000061;362,1000061;6;10;7;8,699999809;13,10000038;141,1000061;0,970000029;617816,1875;NA;NA;160;1;1107798;1299897;36071;EXISTENTE;SOLIDO;CARBON;RE;DM;DM;DM;DM;DM;80,80000305;965258,5;881281;DM;DM;DM;MR
55135;ANDINA;CTA;CTA;2018/4;29/01/2019;08/10/2018 06:00;2018;10;8;6;153,8999939;310,8999939;122,6999969;344,7999878;6;10,10000038;7;8,699999809;13,10000038;141,3000031;0,980000019;618389,8125;NA;NA;159;1;1126181;1248971;36547;EXISTENTE;SOLIDO;CARBON;RE;DM;DM;DM;DM;DM;80,80000305;965746,1875;881726,3125;DM;DM;DM;MR
55136;ANDINA;CTA;CTA;2018/4;29/01/2019;08/10/2018 07:00;2018;10;8;7;154,8000031;311,6000061;122,5999985;343,2999878;5,900000095;9,800000191;7;8,699999809;13,19999981;141;0,980000019;614745,3125;NA;NA;161;1;1111943;1224958;35118;EXISTENTE;SOLIDO;CARBON;RE;DM;DM;DM;DM;DM;80,80000305;959285,625;875827,8125;DM;DM;DM;MR
55137;ANDINA;CTA;CTA;2018/4;29/01/2019;08/10/2018 08:00;2018;10;8;8;132,6999969;279,2999878;85,90000153;251,3000031;3,299999952;5,699999809;7,599999905;8,699999809;12,60000038;138,6999969;0,980000019;440076,1875;NA;NA;114;1;963903;867376;19733;EXISTENTE;SOLIDO;CARBON;RE;DM;DM;DM;DM;DM;80,80000305;680867,375;621632;DM;DM;DM;MR
55138;ANDINA;CTA;CTA;2018/4;29/01/2019;08/10/2018 09:00;2018;10;8;9;117,3000031;238,8999939;120,0999985;340,3999939;3,099999905;5,300000191;7,099999905;8,699999809;13,10000038;138,1999969;0,980000019;397315,5938;NA;NA;98;1;894342;1274350;19675;EXISTENTE;SOLIDO;CARBON;RE;DM;DM;DM;DM;DM;80,80000305;613853,375;560448,125;DM;DM;DM;MR
55139;ANDINA;CTA;CTA;2018/4;29/01/2019;08/10/2018 10:00;2018;10;8;10;133,8000031;281,6000061;85,40000153;250,1999969;3,099999905;5,400000095;7,599999905;8,699999809;12,60000038;138,8999939;0,980000019;403832,6875;NA;NA;102;1;996377;885137;19150;EXISTENTE;SOLIDO;CARBON;RE;DM;DM;DM;DM;DM;80,80000305;625041,8125;570663,1875;DM;DM;DM;MR
55140;ANDINA;CTA;CTA;2018/4;29/01/2019;08/10/2018 11:00;2018;10;8;11;125,3000031;280,1000061;59,59999847;185,3999939;2,900000095;5,300000191;8,399999619;8,699999809;11,89999962;138,3999939;0,980000019;343755;NA;NA;77;1;1052452;696506;19805;EXISTENTE;SOLIDO;CARBON;RE;DM;DM;DM;DM;DM;80,80000305;531344,875;485117,9063;DM;DM;DM;MR
55141;ANDINA;CTA;CTA;2018/4;29/01/2019;08/10/2018 12:00;2018;10;8;12;118,8000031;265,2000122;71,30000305;221,5;2,900000095;5,300000191;8,300000191;8,699999809;11,89999962;138,6000061;0,980000019;345096,5938;NA;NA;77;1;1001763;836662;19928;EXISTENTE;SOLIDO;CARBON;RE;DM;DM;DM;DM;DM;80,80000305;533728,375;487294;DM;DM;DM;MR
55142;ANDINA;CTA;CTA;2018/4;29/01/2019;08/10/2018 13:00;2018;10;8;13;110,9000015;246,6000061;95,40000153;295,1000061;2,900000095;5,199999809;8,300000191;8,699999809;11,89999962;138,5;0,980000019;346725;NA;NA;77;1;938992;1123724;19971;EXISTENTE;SOLIDO;CARBON;RE;DM;DM;DM;DM;DM;80,80000305;536731,875;490036,3125;DM;DM;DM;MR
55143;ANDINA;CTA;CTA;2018/4;29/01/2019;08/10/2018 14:00;2018;10;8;14;109,1999969;248,1000061;82,59999847;261;3;5,5;8,600000381;8,699999809;11,69999981;138,6999969;0,980000019;345284,3125;NA;NA;76;1;933508;982009;20775;EXISTENTE;SOLIDO;CARBON;RE;DM;DM;DM;DM;DM;80,80000305;535209,3125;488646,0938;DM;DM;DM;MR
55144;ANDINA;CTA;CTA;2018/4;29/01/2019;08/10/2018 15:00;2018;10;8;15;103,5999985;223;122;365,2999878;3,099999905;5,5;7,900000095;8,699999809;12,39999962;139,3000031;0,980000019;375800,1875;NA;NA;83;1;882195;1445391;21641;EXISTENTE;SOLIDO;CARBON;RE;DM;DM;DM;DM;DM;80,80000305;583953,1875;533149,3125;DM;DM;DM;MR
55145;ANDINA;CTA;CTA;2018/4;29/01/2019;08/10/2018 16:00;2018;10;8;16;144,5;283,5;104,9000015;286,2999878;5,300000191;8,600000381;6,599999905;8,699999809;13,60000038;141,8000031;0,970000029;540124,1875;NA;NA;136;1;1079696;1090415;32768;EXISTENTE;SOLIDO;CARBON;RE;DM;DM;DM;DM;DM;80,80000305;846104,1875;772493,125;DM;DM;DM;MR
55146;ANDINA;CTA;CTA;2018/4;29/01/2019;08/10/2018 17:00;2018;10;8;17;158,3999939;314;128,6999969;355;9;14,89999962;6,800000191;8,699999809;13,39999962;142,1999969;0,970000029;611702,5;NA;NA;158;1;1153416;1303822;54685;EXISTENTE;SOLIDO;CARBON;RE;DM;DM;DM;DM;DM;80,80000305;960135,3125;876603,5;DM;DM;DM;MR
55147;ANDINA;CTA;CTA;2018/4;29/01/2019;08/10/2018 18:00;2018;10;8;18;158,3999939;317,6000061;109;304,2000122;9,699999809;16,10000038;6,900000095;8,699999809;13,19999981;141,5;0,970000029;613718,5;NA;NA;160;1;1142651;1094367;58084;EXISTENTE;SOLIDO;CARBON;RE;DM;DM;DM;DM;DM;80,80000305;961759,5;878086,375;DM;DM;DM;MR
55148;ANDINA;CTA;CTA;2018/4;29/01/2019;08/10/2018 19:00;2018;10;8;19;155,1000061;311,5;123,0999985;344,1000061;8,600000381;14,30000019;6,900000095;8,699999809;13,19999981;141,1999969;0,970000029;612379,6875;NA;NA;160;1;1116566;1233159;51399;EXISTENTE;SOLIDO;CARBON;RE;DM;DM;DM;DM;DM;80,80000305;958943,875;875515,8125;DM;DM;DM;MR
55149;ANDINA;CTA;CTA;2018/4;29/01/2019;08/10/2018 20:00;2018;10;8;20;152,6000061;310,6000061;122,1999969;346;9;15,30000019;7,099999905;8,699999809;13;141,1000061;0,970000029;613758,6875;NA;NA;160;1;1101266;1226680;54089;EXISTENTE;SOLIDO;CARBON;RE;DM;DM;DM;DM;DM;80,80000305;960836,625;877243,8125;DM;DM;DM;MR
55150;ANDINA;CTA;CTA;2018/4;29/01/2019;08/10/2018 21:00;2018;10;8;21;149,6000061;302,2999878;135,6999969;381,3999939;8,199999809;13,69999981;7;8,699999809;13,10000038;140,8000031;0,970000029;614349,8125;NA;NA;160;1;1080775;1363355;49065;EXISTENTE;SOLIDO;CARBON;RE;DM;DM;DM;DM;DM;80,80000305;960059,125;876533,875;DM;DM;DM;MR
55151;ANDINA;CTA;CTA;2018/4;29/01/2019;08/10/2018 22:00;2018;10;8;22;150,8000031;302,7000122;137,8000031;384,6000061;7,800000191;13;6,900000095;8,699999809;13,19999981;140,8000031;0,970000029;613252,6875;NA;NA;160;1;1087482;1381914;46816;EXISTENTE;SOLIDO;CARBON;RE;DM;DM;DM;DM;DM;80,80000305;957376,8125;874085;DM;DM;DM;MR
55152;ANDINA;CTA;CTA;2018/4;29/01/2019;08/10/2018 23:00;2018;10;8;23;153,3000031;309,7999878;126,6999969;356,2000122;8,300000191;13,89999962;7;8,699999809;13,10000038;140,8999939;0,970000029;618283,3125;NA;NA;159;1;1121467;1289197;50473;EXISTENTE;SOLIDO;CARBON;RE;DM;DM;DM;DM;DM;80,80000305;966544,5;882455,125;DM;DM;DM;MR
55153;ANDINA;CTA;CTA;2018/4;29/01/2019;09/10/2018 00:00;2018;10;9;0;153,8000031;309,1000061;131,8000031;368,6000061;8;13,39999962;7;8,699999809;13,19999981;141;0,970000029;612657,375;NA;NA;160;1;1107609;1320668;48064;EXISTENTE;SOLIDO;CARBON;RE;DM;DM;DM;DM;DM;79,09999847;958055;874704,1875;DM;DM;DM;MR
55154;ANDINA;CTA;CTA;2018/4;29/01/2019;09/10/2018 01:00;2018;10;9;1;154,3999939;310,6000061;131,8999939;369,1000061;8;13,30000019;7;8,699999809;13,19999981;141;0,970000029;609251,1875;NA;NA;159;1;1112984;1322960;47768;EXISTENTE;SOLIDO;CARBON;RE;DM;DM;DM;DM;DM;79,09999847;952724;869837;DM;DM;DM;MR
55155;ANDINA;CTA;CTA;2018/4;29/01/2019;09/10/2018 02:00;2018;10;9;2;155,1000061;312,6000061;128,3000031;359,7999878;8,100000381;13,5;7;8,699999809;13,10000038;141,1000061;0,970000029;617823,1875;NA;NA;161;1;1119452;1288323;48437;EXISTENTE;SOLIDO;CARBON;RE;DM;DM;DM;DM;DM;79,09999847;966228,8125;882166,875;DM;DM;DM;MR
55156;ANDINA;CTA;CTA;2018/4;29/01/2019;09/10/2018 03:00;2018;10;9;3;154,5;314,5;126,3000031;357,7000122;13,60000038;23,10000038;7,099999905;8,699999809;13;141,6999969;0,970000029;622292,875;NA;NA;161;1;1123065;1277271;82612;EXISTENTE;SOLIDO;CARBON;RE;DM;DM;DM;DM;DM;79,09999847;974755,6875;889952;DM;DM;DM;MR
55157;ANDINA;CTA;CTA;2018/4;29/01/2019;09/10/2018 04:00;2018;10;9;4;153,6000061;310,3999939;137,5;386,7000122;7,800000191;13,10000038;7;8,699999809;13,10000038;140,5;0,970000029;614684,125;NA;NA;160;1;1110203;1382767;46902;EXISTENTE;SOLIDO;CARBON;RE;DM;DM;DM;DM;DM;79,09999847;959885,3125;876375,3125;DM;DM;DM;MR
55158;ANDINA;CTA;CTA;2018/4;29/01/2019;09/10/2018 05:00;2018;10;9;5;155,1000061;315,6000061;128,6999969;364,1000061;8,399999619;14,10000038;7,099999905;8,699999809;13;140,8999939;0,970000029;617843,3125;NA;NA;162;1;1113001;1284275;49833;EXISTENTE;SOLIDO;CARBON;RE;DM;DM;DM;DM;DM;79,09999847;965887,125;881854,875;DM;DM;DM;MR
55159;ANDINA;CTA;CTA;2018/4;29/01/2019;09/10/2018 06:00;2018;10;9;6;155,3000031;312,7999878;134,3000031;376,3999939;7,800000191;13;7;8,699999809;13,19999981;140,8999939;0,970000029;615374,6875;NA;NA;160;1;1123387;1351749;46750;EXISTENTE;SOLIDO;CARBON;RE;DM;DM;DM;DM;DM;79,09999847;962051;878352,625;DM;DM;DM;MR
55160;ANDINA;CTA;CTA;2018/4;29/01/2019;09/10/2018 07:00;2018;10;9;7;161;319,8999939;103,8000031;287;7,599999905;12,60000038;6,800000191;8,699999809;13,39999962;141;0,970000029;614007,1875;NA;NA;162;1;1148039;1029817;45144;EXISTENTE;SOLIDO;CARBON;RE;DM;DM;DM;DM;DM;79,09999847;960010,625;876489,6875;DM;DM;DM;MR
55161;ANDINA;CTA;CTA;2018/4;29/01/2019;09/10/2018 08:00;2018;10;9;8;139;288;90,40000153;260,6000061;4,699999809;8,100000381;7,400000095;8,699999809;12,80000019;139,8999939;0,980000019;478447,3125;NA;NA;126;1;993062;898369;27919;EXISTENTE;SOLIDO;CARBON;RE;DM;DM;DM;DM;DM;79,09999847;743866,5;679150,125;DM;DM;DM;MR
55162;ANDINA;CTA;CTA;2018/4;29/01/2019;09/10/2018 09:00;2018;10;9;9;116,3000031;265,6000061;42;133,3999939;3;5,699999809;8,600000381;8,699999809;11,69999981;137,8999939;0,980000019;341696,8125;NA;NA;77;1;970925;487757;20816;EXISTENTE;SOLIDO;CARBON;RE;DM;DM;DM;DM;DM;79,09999847;528119,5;482173,0938;DM;DM;DM;MR
55163;ANDINA;CTA;CTA;2018/4;29/01/2019;09/10/2018 10:00;2018;10;9;10;118,5999985;262,5;51,40000153;158,1000061;2,900000095;5,300000191;8,199999809;8,699999809;12,10000038;138,5;0,980000019;343731,4063;NA;NA;77;1;996196;599997;20197;EXISTENTE;SOLIDO;CARBON;RE;DM;DM;DM;DM;DM;79,09999847;532052,625;485764;DM;DM;DM;MR
55164;ANDINA;CTA;CTA;2018/4;29/01/2019;09/10/2018 11:00;2018;10;9;11;113,3000031;251,1000061;82,19999695;253,6000061;2,799999952;5,199999809;8,300000191;8,699999809;11,89999962;138,6999969;0,980000019;345191,9063;NA;NA;79;1;931088;940005;19246;EXISTENTE;SOLIDO;CARBON;RE;DM;DM;DM;DM;DM;79,09999847;534607,8125;488097;DM;DM;DM;MR
55165;ANDINA;CTA;CTA;2018/4;29/01/2019;09/10/2018 12:00;2018;10;9;12;109,1999969;242,5;97,19999695;300,2999878;2,900000095;5,300000191;8,300000191;8,699999809;11,89999962;139;0,980000019;345179,3125;NA;NA;77;1;920809;1140324;20076;EXISTENTE;SOLIDO;CARBON;RE;DM;DM;DM;DM;DM;79,09999847;535453;488868,5938;DM;DM;DM;MR
55166;ANDINA;CTA;CTA;2018/4;29/01/2019;09/10/2018 13:00;2018;10;9;13;114;255,3000031;78,90000153;245,8999939;2,799999952;5,300000191;8,399999619;8,699999809;11,80000019;139,1000061;0,980000019;345018,9063;NA;NA;77;1;960407;925018;19765;EXISTENTE;SOLIDO;CARBON;RE;DM;DM;DM;DM;DM;79,09999847;535312;488739,9063;DM;DM;DM;MR
55167;ANDINA;CTA;CTA;2018/4;29/01/2019;09/10/2018 14:00;2018;10;9;14;113,6999969;253,8999939;66,80000305;207,5;2,900000095;5,300000191;8,300000191;8,699999809;11,80000019;139,1000061;0,980000019;344734,9063;NA;NA;76;1;970434;793092;20222;EXISTENTE;SOLIDO;CARBON;RE;DM;DM;DM;DM;DM;79,09999847;535486,3125;488899;DM;DM;DM;MR
55168;ANDINA;CTA;CTA;2018/4;29/01/2019;09/10/2018 15:00;2018;10;9;15;99,69999695;223,1999969;83,90000153;261,2000122;2,900000095;5,400000095;8,399999619;8,699999809;11,80000019;139,3999939;0,970000029;345888,0938;NA;NA;77;1;842598;986174;20367;EXISTENTE;SOLIDO;CARBON;RE;DM;DM;DM;DM;DM;79,09999847;538185,3125;491363,1875;DM;DM;DM;MR
55169;ANDINA;CTA;CTA;2018/4;29/01/2019;09/10/2018 16:00;2018;10;9;16;95,40000153;204,8000031;96,59999847;288,5;3;5,300000191;7,900000095;8,699999809;12,39999962;139,3000031;0,970000029;362188,5938;NA;NA;83;1;782779;1102586;20299;EXISTENTE;SOLIDO;CARBON;RE;DM;DM;DM;DM;DM;79,09999847;563492,125;514468,3125;DM;DM;DM;MR
55170;ANDINA;CTA;CTA;2018/4;29/01/2019;09/10/2018 17:00;2018;10;9;17;130,1999969;252,6999969;117,8000031;318;4,199999809;6,800000191;6,5;8,699999809;13,69999981;141,3999939;0,970000029;497608;NA;NA;125;1;975006;1226991;26161;EXISTENTE;SOLIDO;CARBON;RE;DM;DM;DM;DM;DM;79,09999847;778790,625;711035,8125;DM;DM;DM;MR
55171;ANDINA;CTA;CTA;2018/4;29/01/2019;09/10/2018 18:00;2018;10;9;18;162,6000061;322,3999939;110,1999969;303,8999939;7,900000095;13,10000038;6,800000191;8,699999809;13,39999962;141,6999969;0,970000029;605098;NA;NA;156;1;1185979;1118153;48268;EXISTENTE;SOLIDO;CARBON;RE;DM;DM;DM;DM;DM;79,09999847;948812,875;866266,1875;DM;DM;DM;MR
55172;ANDINA;CTA;CTA;2018/4;29/01/2019;09/10/2018 19:00;2018;10;9;19;162,1000061;323,5;129,6999969;360,2000122;7,300000191;12,10000038;6,900000095;8,699999809;13,30000019;141,1999969;0,970000029;616628,875;NA;NA;161;1;1167494;1300105;43817;EXISTENTE;SOLIDO;CARBON;RE;DM;DM;DM;DM;DM;79,09999847;965723,6875;881705,6875;DM;DM;DM;MR
55173;ANDINA;CTA;CTA;2018/4;29/01/2019;09/10/2018 20:00;2018;10;9;20;157,3000031;316,8999939;132,3000031;370,7000122;7,300000191;12,19999981;7;8,699999809;13,10000038;141,1999969;0,970000029;612779,6875;NA;NA;160;1;1133281;1325512;43681;EXISTENTE;SOLIDO;CARBON;RE;DM;DM;DM;DM;DM;79,09999847;958704,375;875297,125;DM;DM;DM;MR
55174;ANDINA;CTA;CTA;2018/4;29/01/2019;09/10/2018 21:00;2018;10;9;21;156,1000061;314,7999878;135;378,8999939;7,199999809;12;7;8,699999809;13,10000038;141,1000061;0,970000029;613943,8125;NA;NA;160;1;1126564;1355957;43114;EXISTENTE;SOLIDO;CARBON;RE;DM;DM;DM;DM;DM;79,09999847;959162,125;875715;DM;DM;DM;MR
55175;ANDINA;CTA;CTA;2018/4;29/01/2019;09/10/2018 22:00;2018;10;9;22;157,3999939;316,2000122;136,6000061;381,6000061;7,199999809;11,89999962;6,900000095;8,699999809;13,19999981;140,8999939;0,970000029;615469,3125;NA;NA;160;1;1139109;1374960;43034;EXISTENTE;SOLIDO;CARBON;RE;DM;DM;DM;DM;DM;79,09999847;961120,5;877503,125;DM;DM;DM;MR
55176;ANDINA;CTA;CTA;2018/4;29/01/2019;09/10/2018 23:00;2018;10;9;23;160,6999969;322,2999878;128,6999969;359,1000061;7,400000095;12,39999962;6,900000095;8,699999809;13,19999981;140,8999939;0,970000029;618473,3125;NA;NA;161;1;1161116;1293579;44559;EXISTENTE;SOLIDO;CARBON;RE;DM;DM;DM;DM;DM;79,09999847;965795,3125;881771,125;DM;DM;DM;MR
55177;ANDINA;CTA;CTA;2018/4;29/01/2019;10/10/2018 00:00;2018;10;10;0;160,6000061;323,1000061;127,9000015;357,8999939;7,699999809;12,89999962;7;8,699999809;13,19999981;140,8999939;0,970000029;617728;NA;NA;161;1;1159110;1283967;46343;EXISTENTE;SOLIDO;CARBON;RE;DM;DM;DM;DM;DM;72,90000153;964601,125;880680,8125;DM;DM;DM;MR
55178;ANDINA;CTA;CTA;2018/4;29/01/2019;10/10/2018 01:00;2018;10;10;1;160,3999939;322,5;130;363,5;7,800000191;13;7;8,699999809;13,19999981;141;0,970000029;616379,8125;NA;NA;162;1;1147974;1294057;46369;EXISTENTE;SOLIDO;CARBON;RE;DM;DM;DM;DM;DM;72,90000153;963799,3125;879948,8125;DM;DM;DM;MR
55179;ANDINA;CTA;CTA;2018/4;29/01/2019;10/10/2018 02:00;2018;10;10;2;159,6999969;321,3999939;129,1000061;361,6000061;9,199999809;15,39999962;7;8,699999809;13,19999981;141;0,970000029;614540;NA;NA;161;1;1146437;1289638;54915;EXISTENTE;SOLIDO;CARBON;RE;DM;DM;DM;DM;DM;72,90000153;961948,1875;878258,6875;DM;DM;DM;MR
55180;ANDINA;CTA;CTA;2018/4;29/01/2019;10/10/2018 03:00;2018;10;10;3;158;318,2000122;134,1000061;375,8999939;7,599999905;12,60000038;7;8,699999809;13,10000038;140,3999939;0,970000029;614661,125;NA;NA;161;1;1134275;1340077;45089;EXISTENTE;SOLIDO;CARBON;RE;DM;DM;DM;DM;DM;72,90000153;960611,375;877038,3125;DM;DM;DM;MR
55181;ANDINA;CTA;CTA;2018/4;29/01/2019;10/10/2018 04:00;2018;10;10;4;156,8000031;316,2000122;133,8999939;375,6000061;7,800000191;13,10000038;7;8,699999809;13,10000038;140;0,970000029;613011,8125;NA;NA;160;1;1130259;1342568;46669;EXISTENTE;SOLIDO;CARBON;RE;DM;DM;DM;DM;DM;72,90000153;958287,625;874916,625;DM;DM;DM;MR
55182;ANDINA;CTA;CTA;2018/4;29/01/2019;10/10/2018 05:00;2018;10;10;5;156,6999969;317;131,5;370,1000061;8;13,39999962;7;8,699999809;13,10000038;140;0,970000029;615245,125;NA;NA;162;1;1119365;1306812;47233;EXISTENTE;SOLIDO;CARBON;RE;DM;DM;DM;DM;DM;72,90000153;960670,875;877092,5;DM;DM;DM;MR
55183;ANDINA;CTA;CTA;2018/4;29/01/2019;10/10/2018 06:00;2018;10;10;6;155,6999969;313,3999939;136,6999969;382,7000122;7,900000095;13,19999981;7;8,699999809;13,19999981;140;0,970000029;614993,6875;NA;NA;161;1;1119053;1366523;46967;EXISTENTE;SOLIDO;CARBON;RE;DM;DM;DM;DM;DM;72,90000153;960217,8125;876678,875;DM;DM;DM;MR
55184;ANDINA;CTA;CTA;2018/4;29/01/2019;10/10/2018 07:00;2018;10;10;7;156,3000031;314,6000061;136,8999939;383,5;8,100000381;13,5;7;8,699999809;13,19999981;140,3000031;0,970000029;615083,5;NA;NA;161;1;1123391;1369182;48302;EXISTENTE;SOLIDO;CARBON;RE;DM;DM;DM;DM;DM;72,90000153;960067,6875;876541,8125;DM;DM;DM;MR
55185;ANDINA;CTA;CTA;2018/4;29/01/2019;10/10/2018 08:00;2018;10;10;8;133,5;274,5;122,5;350,5;4,699999809;8;7,300000191;8,699999809;12,89999962;139,6999969;0,980000019;491989,5;NA;NA;131;1;943008;1204181;27624;EXISTENTE;SOLIDO;CARBON;RE;DM;DM;DM;DM;DM;72,90000153;765377,625;698789,6875;DM;DM;DM;MR
55186;ANDINA;CTA;CTA;2018/4;29/01/2019;10/10/2018 09:00;2018;10;10;9;103,5999985;228,6999969;102,9000015;316,1000061;3,099999905;5,599999905;8,199999809;8,699999809;12;138,8999939;0,980000019;345276,8125;NA;NA;83;1;810518;1120614;19822;EXISTENTE;SOLIDO;CARBON;RE;DM;DM;DM;DM;DM;72,90000153;535560,1875;488966,5;DM;DM;DM;MR
55187;ANDINA;CTA;CTA;2018/4;29/01/2019;10/10/2018 10:00;2018;10;10;10;93,59999847;212,1000061;110,3000031;347,7000122;3;5,699999809;8,5;8,699999809;11,60000038;139;0,980000019;340243,4063;NA;NA;76;1;788486;1292710;21016;EXISTENTE;SOLIDO;CARBON;RE;DM;DM;DM;DM;DM;72,90000153;527824,625;481903,8125;DM;DM;DM;MR
55188;ANDINA;CTA;CTA;2018/4;29/01/2019;10/10/2018 11:00;2018;10;10;11;90,90000153;205,6999969;101,5999985;319,8999939;3;5,5;8,5;8,699999809;11,69999981;139;0,980000019;340784,5;NA;NA;76;1;766461;1192076;20556;EXISTENTE;SOLIDO;CARBON;RE;DM;DM;DM;DM;DM;72,90000153;528685,8125;482690,0938;DM;DM;DM;MR
55189;ANDINA;CTA;CTA;2018/4;29/01/2019;10/10/2018 12:00;2018;10;10;12;88,40000153;198,3999939;105,0999985;327,8999939;2,900000095;5,300000191;8,399999619;8,699999809;11,80000019;139,1000061;0,980000019;341565,3125;NA;NA;76;1;747700;1235573;20152;EXISTENTE;SOLIDO;CARBON;RE;DM;DM;DM;DM;DM;72,90000153;529951,1875;483845,4063;DM;DM;DM;MR
55190;ANDINA;CTA;CTA;2018/4;29/01/2019;10/10/2018 13:00;2018;10;10;13;89,19999695;198,8999939;95,40000153;296;2,900000095;5,300000191;8,300000191;8,699999809;11,89999962;139,1000061;0,980000019;342255,1875;NA;NA;77;1;745633;1109634;19854;EXISTENTE;SOLIDO;CARBON;RE;DM;DM;DM;DM;DM;72,90000153;531570;485323,4063;DM;DM;DM;MR
55191;ANDINA;CTA;CTA;2018/4;29/01/2019;10/10/2018 14:00;2018;10;10;14;87,69999695;197,6000061;110,1999969;345,3999939;2,799999952;5,199999809;8,5;8,699999809;11,69999981;139;0,970000029;343596,8125;NA;NA;76;1;746007;1303723;19769;EXISTENTE;SOLIDO;CARBON;RE;DM;DM;DM;DM;DM;72,90000153;534110,875;487643,1875;DM;DM;DM;MR
55192;ANDINA;CTA;CTA;2018/4;29/01/2019;10/10/2018 15:00;2018;10;10;15;86,30000305;205,3999939;97,19999695;321,7999878;2,900000095;5,599999905;9,100000381;8,699999809;11,10000038;139;0,970000029;340742,9063;NA;NA;70;1;790340;1238134;21627;EXISTENTE;SOLIDO;CARBON;RE;DM;DM;DM;DM;DM;72,90000153;529713,1875;483628,0938;DM;DM;DM;MR
55193;ANDINA;CTA;CTA;2018/4;29/01/2019;10/10/2018 16:00;2018;10;10;16;81,59999847;175,6999969;113,9000015;341;2,799999952;5;7,900000095;8,699999809;12,5;139,3999939;0,970000029;347300,0938;NA;NA;78;1;683582;1326762;19579;EXISTENTE;SOLIDO;CARBON;RE;DM;DM;DM;DM;DM;72,90000153;540958,8125;493895,4063;DM;DM;DM;MR
55194;ANDINA;CTA;CTA;2018/4;29/01/2019;10/10/2018 17:00;2018;10;10;17;148,3000031;285,1000061;98,59999847;263,6000061;3,599999905;5,699999809;6,300000191;8,699999809;13,89999962;140,8999939;0,970000029;450877,5;NA;NA;116;1;1084443;1002527;21658;EXISTENTE;SOLIDO;CARBON;RE;DM;DM;DM;DM;DM;72,90000153;704922,1875;643594;DM;DM;DM;MR
55195;ANDINA;CTA;CTA;2018/4;29/01/2019;10/10/2018 18:00;2018;10;10;18;175,1000061;346;137,6000061;378,3999939;7,400000095;12,30000019;6,699999809;8,699999809;13,30000019;141,6000061;0,970000029;605081,1875;NA;NA;158;1;1261144;1378936;44706;EXISTENTE;SOLIDO;CARBON;RE;DM;DM;DM;DM;DM;72,90000153;948384;865874,625;DM;DM;DM;MR
55196;ANDINA;CTA;CTA;2018/4;29/01/2019;10/10/2018 19:00;2018;10;10;19;164,1999969;332;120,1999969;338,1000061;7,5;12,69999981;7;8,699999809;13,10000038;141;0,970000029;616706,5;NA;NA;159;1;1198102;1220155;45698;EXISTENTE;SOLIDO;CARBON;RE;DM;DM;DM;DM;DM;72,90000153;964307,8125;880413,125;DM;DM;DM;MR
55197;ANDINA;CTA;CTA;2018/4;29/01/2019;10/10/2018 20:00;2018;10;10;20;152,8999939;312,7999878;109,9000015;312,7999878;7,300000191;12,39999962;7,199999809;8,699999809;12,89999962;140,6000061;0,970000029;613963,375;NA;NA;159;1;1110573;1110542;44161;EXISTENTE;SOLIDO;CARBON;RE;DM;DM;DM;DM;DM;72,90000153;958048,6875;874698,375;DM;DM;DM;MR
55198;ANDINA;CTA;CTA;2018/4;29/01/2019;10/10/2018 21:00;2018;10;10;21;148,6999969;298,6000061;133,6999969;373,3999939;6;10;6,900000095;8,699999809;13,19999981;140,6999969;0,970000029;609527,125;NA;NA;158;1;1079123;1349533;36037;EXISTENTE;SOLIDO;CARBON;RE;DM;DM;DM;DM;DM;72,90000153;951505,5;868724,625;DM;DM;DM;MR
55199;ANDINA;CTA;CTA;2018/4;29/01/2019;10/10/2018 22:00;2018;10;10;22;148,3000031;297,3999939;134,8999939;376,2000122;5,699999809;9,5;6,900000095;8,699999809;13,19999981;140,6999969;0,980000019;612520,3125;NA;NA;159;1;1074674;1359496;34442;EXISTENTE;SOLIDO;CARBON;RE;DM;DM;DM;DM;DM;72,90000153;955215,8125;872112;DM;DM;DM;MR
55200;ANDINA;CTA;CTA;2018/4;29/01/2019;10/10/2018 23:00;2018;10;10;23;145,3999939;292,1000061;131,5;367,2999878;5,599999905;9,399999619;6,900000095;8,699999809;13,19999981;140,6000061;0,980000019;604959,625;NA;NA;156;1;1060849;1334092;34152;EXISTENTE;SOLIDO;CARBON;RE;DM;DM;DM;DM;DM;72,90000153;943128,625;861076,375;DM;DM;DM;MR
55201;ANDINA;CTA;CTA;2018/4;29/01/2019;11/10/2018 00:00;2018;10;11;0;136;271,7999878;136,8999939;380,5;4,699999809;7,800000191;6,900000095;8,699999809;13,19999981;140,5;0,980000019;570633,375;NA;NA;149;1;979943;1371585;28174;EXISTENTE;SOLIDO;CARBON;RE;DM;DM;DM;DM;DM;61,70000076;888434,3125;811140,5;DM;DM;DM;MR
55202;ANDINA;CTA;CTA;2018/4;29/01/2019;11/10/2018 01:00;2018;10;11;1;131,3999939;261,6000061;132,6000061;367,3999939;4,099999905;6,800000191;6,800000191;8,699999809;13,30000019;140,8999939;0,980000019;544933;NA;NA;143;1;941899;1322643;24561;EXISTENTE;SOLIDO;CARBON;RE;DM;DM;DM;DM;DM;61,70000076;849185,875;775306,6875;DM;DM;DM;MR
55203;ANDINA;CTA;CTA;2018/4;29/01/2019;11/10/2018 02:00;2018;10;11;2;131,8999939;260,8999939;133,1000061;366,3999939;4;6,599999905;6,699999809;8,699999809;13,39999962;141,1000061;0,980000019;543661,625;NA;NA;141;1;956410;1343199;24353;EXISTENTE;SOLIDO;CARBON;RE;DM;DM;DM;DM;DM;61,70000076;848462,625;774646,375;DM;DM;DM;MR
55204;ANDINA;CTA;CTA;2018/4;29/01/2019;11/10/2018 03:00;2018;10;11;3;132,6000061;260,7000122;137,8000031;376,7999878;3,900000095;6,400000095;6,599999905;8,699999809;13,5;140,8999939;0,980000019;538548,1875;NA;NA;141;1;952983;1377115;23418;EXISTENTE;SOLIDO;CARBON;RE;DM;DM;DM;DM;DM;61,70000076;840194,3125;767097,375;DM;DM;DM;MR
55205;ANDINA;CTA;CTA;2018/4;29/01/2019;11/10/2018 04:00;2018;10;11;4;137,8999939;273;128,1000061;352,7999878;4,400000095;7,300000191;6,699999809;8,699999809;13,39999962;141,1999969;0,970000029;557454,6875;NA;NA;144;1;1003833;1297361;26804;EXISTENTE;SOLIDO;CARBON;RE;DM;DM;DM;DM;DM;61,70000076;871086;795301,5;DM;DM;DM;MR
55206;ANDINA;CTA;CTA;2018/4;29/01/2019;11/10/2018 05:00;2018;10;11;5;136,6999969;271,7999878;130,6000061;361,3999939;4,099999905;6,699999809;6,800000191;8,699999809;13,30000019;140,8999939;0,970000029;548781,375;NA;NA;143;1;986427;1311727;24363;EXISTENTE;SOLIDO;CARBON;RE;DM;DM;DM;DM;DM;61,70000076;857065,1875;782500,625;DM;DM;DM;MR
55207;ANDINA;CTA;CTA;2018/4;29/01/2019;11/10/2018 06:00;2018;10;11;6;136,1000061;268,5;131,3999939;360,6000061;3,900000095;6,400000095;6,699999809;8,699999809;13,5;141,3000031;0,980000019;540862,1875;NA;NA;141;1;981913;1318825;23259;EXISTENTE;SOLIDO;CARBON;RE;DM;DM;DM;DM;DM;61,70000076;844589,125;771109,8125;DM;DM;DM;MR
55208;ANDINA;CTA;CTA;2018/4;29/01/2019;11/10/2018 07:00;2018;10;11;7;139,1000061;273,3999939;133,3000031;364,7000122;3,900000095;6,300000191;6,599999905;8,699999809;13,5;141,1000061;0,980000019;540029,125;NA;NA;140;1;1009228;1346096;23342;EXISTENTE;SOLIDO;CARBON;RE;DM;DM;DM;DM;DM;61,70000076;842881,125;769550,5;DM;DM;DM;MR
55209;ANDINA;CTA;CTA;2018/4;29/01/2019;11/10/2018 08:00;2018;10;11;8;139,8000031;275,3999939;133;364,6000061;4;6,5;6,699999809;8,699999809;13,5;141,1999969;0,980000019;535943,5;NA;NA;140;1;1006850;1332726;23662;EXISTENTE;SOLIDO;CARBON;RE;DM;DM;DM;DM;DM;61,70000076;835911,375;763187,125;DM;DM;DM;MR
55210;ANDINA;CTA;CTA;2018/4;29/01/2019;11/10/2018 09:00;2018;10;11;9;140,6999969;279,6000061;123,5;341,3999939;3,900000095;6,400000095;6,800000191;8,699999809;13,30000019;141,1000061;0,980000019;523873,5938;NA;NA;138;1;1004736;1227025;22825;EXISTENTE;SOLIDO;CARBON;RE;DM;DM;DM;DM;DM;61,70000076;816853,375;745787,1875;DM;DM;DM;MR
55211;ANDINA;CTA;CTA;2018/4;29/01/2019;11/10/2018 10:00;2018;10;11;10;113,8000031;249,1000061;101;307,7000122;2,900000095;5,300000191;8,100000381;8,699999809;12,10000038;140;0,980000019;377163,8125;NA;NA;95;1;849654;1049658;17996;EXISTENTE;SOLIDO;CARBON;RE;DM;DM;DM;DM;DM;61,70000076;585286;534366,125;DM;DM;DM;MR
55212;ANDINA;CTA;CTA;2018/4;29/01/2019;11/10/2018 11:00;2018;10;11;11;98,09999847;224,3000031;108,1999969;344,2999878;2,799999952;5,199999809;8,600000381;8,699999809;11,5;139,6999969;0,980000019;339241,1875;NA;NA;75;1;834396;1280815;19430;EXISTENTE;SOLIDO;CARBON;RE;DM;DM;DM;DM;DM;61,70000076;526084,3125;480315;DM;DM;DM;MR
55213;ANDINA;CTA;CTA;2018/4;29/01/2019;11/10/2018 12:00;2018;10;11;12;94,5;212,6999969;119,0999985;372,7999878;2,700000048;5;8,399999619;8,699999809;11,69999981;139,6999969;0,980000019;340423,5938;NA;NA;77;1;785843;1377441;18646;EXISTENTE;SOLIDO;CARBON;RE;DM;DM;DM;DM;DM;61,70000076;528436,625;482462,5938;DM;DM;DM;MR
55214;ANDINA;CTA;CTA;2018/4;29/01/2019;11/10/2018 13:00;2018;10;11;13;97;217,8999939;113,4000015;354,5;2,700000048;5,099999905;8,399999619;8,699999809;11,80000019;139,8000031;0,980000019;338985,3125;NA;NA;77;1;802952;1306561;18669;EXISTENTE;SOLIDO;CARBON;RE;DM;DM;DM;DM;DM;61,70000076;526381;480585,9063;DM;DM;DM;MR
55215;ANDINA;CTA;CTA;2018/4;29/01/2019;11/10/2018 14:00;2018;10;11;14;95;213,1999969;116,1999969;363;2,700000048;5,099999905;8,399999619;8,699999809;11,80000019;139,8000031;0,980000019;338634,0938;NA;NA;75;1;806966;1373595;19186;EXISTENTE;SOLIDO;CARBON;RE;DM;DM;DM;DM;DM;61,70000076;526321;480531;DM;DM;DM;MR
55216;ANDINA;CTA;CTA;2018/4;29/01/2019;11/10/2018 15:00;2018;10;11;15;92,40000153;201,3999939;122,6999969;372;2,799999952;5;8;8,699999809;12,19999981;139,6999969;0,980000019;340895,0938;NA;NA;80;1;740405;1367802;18251;EXISTENTE;SOLIDO;CARBON;RE;DM;DM;DM;DM;DM;61,70000076;529782,375;483691,4063;DM;DM;DM;MR
55217;ANDINA;CTA;CTA;2018/4;29/01/2019;11/10/2018 16:00;2018;10;11;16;114,5;225,3000031;123,1999969;337,2000122;3;4,900000095;6,599999905;8,699999809;13,5;140,6000061;0,980000019;408268,3125;NA;NA;104;1;845826;1265904;18519;EXISTENTE;SOLIDO;CARBON;RE;DM;DM;DM;DM;DM;61,70000076;636468,125;581095,3125;DM;DM;DM;MR
55218;ANDINA;CTA;CTA;2018/4;29/01/2019;11/10/2018 17:00;2018;10;11;17;133,5;263,3999939;137,3000031;376,8999939;3,599999905;5,900000095;6,699999809;8,699999809;13,39999962;141,3000031;0,980000019;500986,6875;NA;NA;129;1;975507;1395825;21854;EXISTENTE;SOLIDO;CARBON;RE;DM;DM;DM;DM;DM;61,70000076;782239,875;714185;DM;DM;DM;MR
55219;ANDINA;CTA;CTA;2018/4;29/01/2019;11/10/2018 18:00;2018;10;11;18;131,6000061;258,7999878;119,5;326,7999878;3,299999952;5,300000191;6,599999905;8,699999809;13,60000038;140,8999939;0,980000019;475684,8125;NA;NA;125;1;942085;1189754;19389;EXISTENTE;SOLIDO;CARBON;RE;DM;DM;DM;DM;DM;61,70000076;741383,375;676883;DM;DM;DM;MR
55220;ANDINA;CTA;CTA;2018/4;29/01/2019;11/10/2018 19:00;2018;10;11;19;132,1000061;260,2000122;126,6999969;347,2999878;3,200000048;5,300000191;6,699999809;8,699999809;13,5;140,8000031;0,980000019;475117,1875;NA;NA;124;1;952067;1270877;19261;EXISTENTE;SOLIDO;CARBON;RE;DM;DM;DM;DM;DM;61,70000076;740343,3125;675933,375;DM;DM;DM;MR
55221;ANDINA;CTA;CTA;2018/4;29/01/2019;11/10/2018 20:00;2018;10;11;20;129,3000031;254,1999969;136,6000061;373,7999878;3,200000048;5,199999809;6,599999905;8,699999809;13,5;141;0,980000019;471390,3125;NA;NA;126;1;909746;1337596;18718;EXISTENTE;SOLIDO;CARBON;RE;DM;DM;DM;DM;DM;61,70000076;734030,375;670169,8125;DM;DM;DM;MR
55222;ANDINA;CTA;CTA;2018/4;29/01/2019;11/10/2018 21:00;2018;10;11;21;128;252,3999939;142,6000061;391,2999878;3,200000048;5,199999809;6,699999809;8,699999809;13,5;141;0,980000019;468670,4063;NA;NA;123;1;917090;1422104;18892;EXISTENTE;SOLIDO;CARBON;RE;DM;DM;DM;DM;DM;61,70000076;729108,6875;665676,1875;DM;DM;DM;MR
55223;ANDINA;CTA;CTA;2018/4;29/01/2019;11/10/2018 22:00;2018;10;11;22;131;257,7000122;141,1999969;386,2999878;3,200000048;5,099999905;6,699999809;8,699999809;13,5;140,8999939;0,980000019;465341,1875;NA;NA;124;1;924995;1386483;18413;EXISTENTE;SOLIDO;CARBON;RE;DM;DM;DM;DM;DM;61,70000076;723676;660716,1875;DM;DM;DM;MR
55224;ANDINA;CTA;CTA;2018/4;29/01/2019;11/10/2018 23:00;2018;10;11;23;133,8999939;263,2999878;141,8000031;388,1000061;3,200000048;5,199999809;6,699999809;8,699999809;13,5;140,8000031;0,980000019;471792,5;NA;NA;124;1;958058;1411758;18753;EXISTENTE;SOLIDO;CARBON;RE;DM;DM;DM;DM;DM;61,70000076;733566,875;669746,625;DM;DM;DM;MR
55225;ANDINA;CTA;CTA;2018/4;29/01/2019;12/10/2018 00:00;2018;10;12;0;135,3999939;266,6000061;142,8000031;391,2999878;3,099999905;5,099999905;6,699999809;8,699999809;13,5;140,8000031;0,980000019;468587,0938;NA;NA;125;1;954774;1401348;18246;EXISTENTE;SOLIDO;CARBON;RE;DM;DM;DM;DM;DM;75,5;728671,125;665276,6875;DM;DM;DM;MR
55226;ANDINA;CTA;CTA;2018/4;29/01/2019;12/10/2018 01:00;2018;10;12;1;142,5;279,2999878;138,3999939;377,5;3,299999952;5,400000095;6,599999905;8,699999809;13,60000038;141,1000061;0,980000019;495446,6875;NA;NA;129;1;1029767;1391506;19865;EXISTENTE;SOLIDO;CARBON;RE;DM;DM;DM;DM;DM;75,5;770932;703860,875;DM;DM;DM;MR
55227;ANDINA;CTA;CTA;2018/4;29/01/2019;12/10/2018 02:00;2018;10;12;2;150,8000031;295,6000061;134,3000031;366,3999939;3,700000048;6;6,599999905;8,699999809;13,60000038;141,3000031;0,980000019;536711,625;NA;NA;139;1;1094996;1357082;22252;EXISTENTE;SOLIDO;CARBON;RE;DM;DM;DM;DM;DM;75,5;836394;763627,6875;DM;DM;DM;MR
55228;ANDINA;CTA;CTA;2018/4;29/01/2019;12/10/2018 03:00;2018;10;12;3;151,5;296,5;134,3999939;365,8999939;3,599999905;5,900000095;6,599999905;8,699999809;13,60000038;141,1000061;0,980000019;537547,375;NA;NA;140;1;1094169;1350431;21761;EXISTENTE;SOLIDO;CARBON;RE;DM;DM;DM;DM;DM;75,5;837199,1875;764362,8125;DM;DM;DM;MR
55229;ANDINA;CTA;CTA;2018/4;29/01/2019;12/10/2018 04:00;2018;10;12;4;148,6000061;291,6000061;145,6000061;397,3999939;3,700000048;6;6,599999905;8,699999809;13,5;141;0,980000019;537355,125;NA;NA;141;1;1065074;1451647;22069;EXISTENTE;SOLIDO;CARBON;RE;DM;DM;DM;DM;DM;75,5;836713,6875;763919,625;DM;DM;DM;MR
55230;ANDINA;CTA;CTA;2018/4;29/01/2019;12/10/2018 05:00;2018;10;12;5;148,6000061;291,5;133,6999969;364,7999878;3,799999952;6,199999809;6,599999905;8,699999809;13,5;141,1999969;0,980000019;542273,1875;NA;NA;140;1;1082725;1354903;23017;EXISTENTE;SOLIDO;CARBON;RE;DM;DM;DM;DM;DM;75,5;844875,3125;771371,1875;DM;DM;DM;MR
55231;ANDINA;CTA;CTA;2018/4;29/01/2019;12/10/2018 06:00;2018;10;12;6;144,1999969;284,2000122;142,5;390,6000061;3,799999952;6,199999809;6,699999809;8,699999809;13,39999962;141,1999969;0,980000019;533497;NA;NA;140;1;1033828;1420674;22384;EXISTENTE;SOLIDO;CARBON;RE;DM;DM;DM;DM;DM;75,5;830338;758098,625;DM;DM;DM;MR
55232;ANDINA;CTA;CTA;2018/4;29/01/2019;12/10/2018 07:00;2018;10;12;7;145,3999939;286,1000061;134,1999969;367,3999939;4;6,5;6,699999809;8,699999809;13,5;141,1999969;0,980000019;548790,125;NA;NA;141;1;1064480;1366880;24099;EXISTENTE;SOLIDO;CARBON;RE;DM;DM;DM;DM;DM;75,5;854200;779884,625;DM;DM;DM;MR
55233;ANDINA;CTA;CTA;2018/4;29/01/2019;12/10/2018 08:00;2018;10;12;8;145,3000031;286;136,3000031;373,5;3,900000095;6,300000191;6,699999809;8,699999809;13,5;141,3000031;0,980000019;537271;NA;NA;139;1;1056324;1379202;23209;EXISTENTE;SOLIDO;CARBON;RE;DM;DM;DM;DM;DM;75,5;835555,3125;762862;DM;DM;DM;MR
55234;ANDINA;CTA;CTA;2018/4;29/01/2019;12/10/2018 09:00;2018;10;12;9;142,8000031;285,5;119,4000015;332,3999939;3,700000048;6,199999809;6,900000095;8,699999809;13,30000019;141,5;0,980000019;514522,5;NA;NA;136;1;1015930;1182608;22051;EXISTENTE;SOLIDO;CARBON;RE;DM;DM;DM;DM;DM;75,5;800572,875;730923,125;DM;DM;DM;MR
55235;ANDINA;CTA;CTA;2018/4;29/01/2019;12/10/2018 10:00;2018;10;12;10;115,9000015;256,6000061;84,59999847;260,7999878;2,799999952;5,199999809;8,199999809;8,699999809;12;139,8000031;0,980000019;363068,6875;NA;NA;90;1;879207;893480;17766;EXISTENTE;SOLIDO;CARBON;RE;DM;DM;DM;DM;DM;75,5;562023,6875;513127,5938;DM;DM;DM;MR
55236;ANDINA;CTA;CTA;2018/4;29/01/2019;12/10/2018 11:00;2018;10;12;11;100,0999985;228,5;111,5999985;354,6000061;2,700000048;5,099999905;8,600000381;8,699999809;11,5;139,1999969;0,980000019;342487,3125;NA;NA;77;1;837158;1299014;18804;EXISTENTE;SOLIDO;CARBON;RE;DM;DM;DM;DM;DM;75,5;529401,5;483343,5938;DM;DM;DM;MR
55237;ANDINA;CTA;CTA;2018/4;29/01/2019;12/10/2018 12:00;2018;10;12;12;96,69999695;220,1000061;112;354,7000122;2,700000048;5,099999905;8,600000381;8,699999809;11,60000038;139,1999969;0,980000019;342036,1875;NA;NA;76;1;818561;1319167;19019;EXISTENTE;SOLIDO;CARBON;RE;DM;DM;DM;DM;DM;75,5;528695,1875;482698,6875;DM;DM;DM;MR
55238;ANDINA;CTA;CTA;2018/4;29/01/2019;12/10/2018 13:00;2018;10;12;13;99,40000153;226,6999969;93,90000153;297,8999939;2,700000048;5,099999905;8,600000381;8,699999809;11,60000038;139,1000061;0,980000019;341157,0938;NA;NA;76;1;839416;1102994;18882;EXISTENTE;SOLIDO;CARBON;RE;DM;DM;DM;DM;DM;75,5;527779;481862,1875;DM;DM;DM;MR
55239;ANDINA;CTA;CTA;2018/4;29/01/2019;12/10/2018 14:00;2018;10;12;14;97;223,3999939;101,0999985;324,1000061;2,700000048;5,199999809;8,699999809;8,699999809;11,5;138,6999969;0,980000019;339063;NA;NA;75;1;824825;1196532;19016;EXISTENTE;SOLIDO;CARBON;RE;DM;DM;DM;DM;DM;75,5;524517,8125;478884,8125;DM;DM;DM;MR
55240;ANDINA;CTA;CTA;2018/4;29/01/2019;12/10/2018 15:00;2018;10;12;15;93,69999695;216,1999969;112,8000031;362,1000061;2,700000048;5,099999905;8,800000191;8,699999809;11,5;138,1000061;0,980000019;339584;NA;NA;75;1;797953;1336746;18967;EXISTENTE;SOLIDO;CARBON;RE;DM;DM;DM;DM;DM;75,5;525115,8125;479430,6875;DM;DM;DM;MR
55241;ANDINA;CTA;CTA;2018/4;29/01/2019;12/10/2018 16:00;2018;10;12;16;89,30000305;197,1999969;119,8000031;368,2000122;2,700000048;4,900000095;8,199999809;8,699999809;12,10000038;138,1000061;0,980000019;340322,9063;NA;NA;78;1;732764;1368160;18048;EXISTENTE;SOLIDO;CARBON;RE;DM;DM;DM;DM;DM;75,5;526249,375;480465,6875;DM;DM;DM;MR
55242;ANDINA;CTA;CTA;2018/4;29/01/2019;12/10/2018 17:00;2018;10;12;17;94,80000305;190,5;129,1000061;360,7999878;2,599999905;4,300000191;6,900000095;8,699999809;13,30000019;138,1000061;0,980000019;342834,8125;NA;NA;87;1;703052;1331515;16045;EXISTENTE;SOLIDO;CARBON;RE;DM;DM;DM;DM;DM;75,5;530174,875;484049,6875;DM;DM;DM;MR
55243;ANDINA;CTA;CTA;2018/4;29/01/2019;12/10/2018 18:00;2018;10;12;18;106,5999985;213,8999939;99,40000153;277,6000061;2,599999905;4,300000191;6,900000095;8,699999809;13,30000019;138,1000061;0,980000019;341254;NA;NA;89;1;768735;997520;15588;EXISTENTE;SOLIDO;CARBON;RE;DM;DM;DM;DM;DM;75,5;527686,625;481777,9063;DM;DM;DM;MR
55244;ANDINA;CTA;CTA;2018/4;29/01/2019;12/10/2018 19:00;2018;10;12;19;101,8000031;205;138;386,7000122;2,599999905;4,300000191;7;8,699999809;13,19999981;137,6999969;0,980000019;340687,5;NA;NA;88;1;741284;1398493;15439;EXISTENTE;SOLIDO;CARBON;RE;DM;DM;DM;DM;DM;75,5;525781,875;480038,8125;DM;DM;DM;MR
55245;ANDINA;CTA;CTA;2018/4;29/01/2019;12/10/2018 20:00;2018;10;12;20;103,9000015;210,8999939;115,0999985;325,1000061;2,599999905;4,300000191;7,099999905;8,699999809;13,10000038;137,3000031;0,980000019;341551,9063;NA;NA;88;1;758489;1169175;15589;EXISTENTE;SOLIDO;CARBON;RE;DM;DM;DM;DM;DM;75,5;526011;480248,0938;DM;DM;DM;MR
55246;ANDINA;CTA;CTA;2018/4;29/01/2019;12/10/2018 21:00;2018;10;12;21;102,9000015;210,6999969;120,8000031;344;2,599999905;4,400000095;7,199999809;8,699999809;12,89999962;137,1999969;0,980000019;340719,1875;NA;NA;88;1;749364;1223857;15511;EXISTENTE;SOLIDO;CARBON;RE;DM;DM;DM;DM;DM;75,5;524596,875;478957;DM;DM;DM;MR
55247;ANDINA;CTA;CTA;2018/4;29/01/2019;12/10/2018 22:00;2018;10;12;22;98,69999695;201,8000031;133,3999939;379,2999878;2,599999905;4,300000191;7,199999809;8,699999809;13;137,1999969;0,980000019;342917,9063;NA;NA;87;1;731618;1375564;15582;EXISTENTE;SOLIDO;CARBON;RE;DM;DM;DM;DM;DM;75,5;527473,125;481582,9063;DM;DM;DM;MR
55248;ANDINA;CTA;CTA;2018/4;29/01/2019;12/10/2018 23:00;2018;10;12;23;135,8000031;265,1000061;122,5999985;332,8999939;3,400000095;5,400000095;6,5;8,699999809;13,69999981;139;0,980000019;474052,4063;NA;NA;120;1;1008868;1267113;20600;EXISTENTE;SOLIDO;CARBON;RE;DM;DM;DM;DM;DM;75,5;733101,125;669321,3125;DM;DM;DM;MR
55249;ANDINA;CTA;CTA;2018/4;29/01/2019;13/10/2018 00:00;2018;10;13;0;157;313,7999878;122,6999969;341,3999939;4,5;7,5;6,900000095;8,699999809;13,30000019;139,6999969;0,980000019;580994,1875;NA;NA;149;1;1151160;1252483;27485;EXISTENTE;SOLIDO;CARBON;RE;DM;DM;DM;DM;DM;51,79999924;901035,1875;822645,125;DM;DM;DM;MR
55250;ANDINA;CTA;CTA;2018/4;29/01/2019;13/10/2018 01:00;2018;10;13;1;151,1000061;306,7999878;127,6999969;360,7999878;5,300000191;8,800000191;7,099999905;8,699999809;13;140,3000031;0,980000019;591507,3125;NA;NA;150;1;1120851;1317801;32190;EXISTENTE;SOLIDO;CARBON;RE;DM;DM;DM;DM;DM;51,79999924;918668,125;838743,875;DM;DM;DM;MR
55251;ANDINA;CTA;CTA;2018/4;29/01/2019;13/10/2018 02:00;2018;10;13;2;141,1999969;284,7999878;139,8000031;392,2000122;3,900000095;6,5;7;8,699999809;13,10000038;139,6000061;0,980000019;585589;NA;NA;149;1;1043654;1437472;23774;EXISTENTE;SOLIDO;CARBON;RE;DM;DM;DM;DM;DM;51,79999924;908758,125;829696,1875;DM;DM;DM;MR
55252;ANDINA;CTA;CTA;2018/4;29/01/2019;13/10/2018 03:00;2018;10;13;3;144,1000061;293;114,5999985;324,1000061;4;6,699999809;7,099999905;8,699999809;13;139,5;0,980000019;591611,375;NA;NA;151;1;1061690;1174699;24190;EXISTENTE;SOLIDO;CARBON;RE;DM;DM;DM;DM;DM;51,79999924;917979,5;838115,1875;DM;DM;DM;MR
55253;ANDINA;CTA;CTA;2018/4;29/01/2019;13/10/2018 04:00;2018;10;13;4;140;284,7999878;135,5;383,6000061;4;6,800000191;7,099999905;8,699999809;13;139,6000061;0,980000019;591151,375;NA;NA;150;1;1037729;1397867;24742;EXISTENTE;SOLIDO;CARBON;RE;DM;DM;DM;DM;DM;51,79999924;917510,1875;837686,8125;DM;DM;DM;MR
55254;ANDINA;CTA;CTA;2018/4;29/01/2019;13/10/2018 05:00;2018;10;13;5;136,6000061;277,3999939;137,8000031;389,3999939;4;6,699999809;7,099999905;8,699999809;13;139,8000031;0,980000019;588364,125;NA;NA;150;1;1008009;1414834;24379;EXISTENTE;SOLIDO;CARBON;RE;DM;DM;DM;DM;DM;51,79999924;913516;834040,125;DM;DM;DM;MR
55255;ANDINA;CTA;CTA;2018/4;29/01/2019;13/10/2018 06:00;2018;10;13;6;137,1000061;277,5;136,5;384,2999878;27,89999962;46,59999847;7,099999905;8,699999809;13,10000038;139,6000061;0,980000019;581134,5;NA;NA;149;1;1005804;1392845;168880;EXISTENTE;SOLIDO;CARBON;RE;DM;DM;DM;DM;DM;51,79999924;901840,875;823380,8125;DM;DM;DM;MR
55256;ANDINA;CTA;CTA;2018/4;29/01/2019;13/10/2018 07:00;2018;10;13;7;136,6000061;276,6000061;134,6000061;379,2000122;8,100000381;13,5;7,099999905;8,699999809;13,10000038;139,6999969;0,980000019;570980,6875;NA;NA;148;1;991482;1359127;48395;EXISTENTE;SOLIDO;CARBON;RE;DM;DM;DM;DM;DM;51,79999924;885355,5;808329,625;DM;DM;DM;MR
55257;ANDINA;CTA;CTA;2018/4;29/01/2019;13/10/2018 08:00;2018;10;13;8;135,6000061;272,8999939;125,1999969;350,6000061;7,400000095;12,19999981;7;8,699999809;13,19999981;139,6999969;0,980000019;560612,3125;NA;NA;144;1;993094;1275765;44496;EXISTENTE;SOLIDO;CARBON;RE;DM;DM;DM;DM;DM;51,79999924;868569,375;793003,875;DM;DM;DM;MR
55258;ANDINA;CTA;CTA;2018/4;29/01/2019;13/10/2018 09:00;2018;10;13;9;126,5999985;260,6000061;122,5999985;351,2000122;5,800000191;9,899999619;7,300000191;8,699999809;12,89999962;139,3000031;0,980000019;491367,6875;NA;NA;130;1;899819;1212751;34171;EXISTENTE;SOLIDO;CARBON;RE;DM;DM;DM;DM;DM;51,79999924;760536,625;694369,875;DM;DM;DM;MR
55259;ANDINA;CTA;CTA;2018/4;29/01/2019;13/10/2018 10:00;2018;10;13;10;99,19999695;220,8000031;92;284,6000061;3,099999905;5,599999905;8,300000191;8,699999809;11,89999962;138,1000061;0,980000019;351335,3125;NA;NA;86;1;762558;983175;19418;EXISTENTE;SOLIDO;CARBON;RE;DM;DM;DM;DM;DM;51,79999924;541652;494528,3125;DM;DM;DM;MR
55260;ANDINA;CTA;CTA;2018/4;29/01/2019;13/10/2018 11:00;2018;10;13;11;86,59999847;204,8999939;97,40000153;320,6000061;3;5,900000095;9,100000381;8,699999809;11,10000038;137,3000031;0,980000019;343004,5;NA;NA;74;1;755118;1181722;21568;EXISTENTE;SOLIDO;CARBON;RE;DM;DM;DM;DM;DM;51,79999924;527795,125;481877;DM;DM;DM;MR
